C,SF,FA,SL,MK,Fine_Agg,Coarse_Agg,W,SP,L,D,Fiber_Volume_pct,CS,W_C_ratio,Total_Binder,Total_Fiber,SF_C_ratio,W_Binder_ratio,Fiber_Aspect_Ratio
450.0,0.0,0.0,0.0,0.0,751.5,1012.5,162.0,0.0,0.0,0.0,0.0,47.77,0.35999999920000003,450.0,0.0,0.0,0.35999999920000003,0.0
450.0,0.0,0.0,0.0,0.0,751.5,1012.5,162.0,0.0,35.0,0.75,0.3,51.22,0.35999999920000003,450.0,0.3,0.0,0.35999999920000003,46.66660444452741
450.0,0.0,0.0,0.0,0.0,751.5,1012.5,162.0,0.0,35.0,0.75,0.6,54.22,0.35999999920000003,450.0,0.6,0.0,0.35999999920000003,46.66660444452741
450.0,0.0,0.0,0.0,0.0,751.5,1012.5,162.0,0.0,35.0,0.75,0.9000000000000001,57.11,0.35999999920000003,450.0,0.9000000000000001,0.0,0.35999999920000003,46.66660444452741
324.0,0.0,0.0,0.0,0.0,785.0,1093.0,178.0,0.0,0.0,0.0,0.0,36.5,0.5493827143537571,324.0,0.0,0.0,0.5493827143537571,0.0
194.8,32.0,0.0,97.2,0.0,785.0,1093.0,178.0,0.13,0.0,0.0,0.0,42.95,0.9137576955145909,324.0,0.0,0.16427104638464554,0.5493827143537571,0.0
194.8,32.0,0.0,97.2,0.0,785.0,1093.0,178.0,0.79,30.0,0.5,0.5,43.94,0.9137576955145909,324.0,0.5,0.16427104638464554,0.5493827143537571,59.99988000024
194.8,32.0,0.0,97.2,0.0,785.0,1093.0,178.0,1.19,30.0,0.5,1.0,44.75,0.9137576955145909,324.0,1.0,0.16427104638464554,0.5493827143537571,59.99988000024
194.8,32.0,0.0,97.2,0.0,785.0,1093.0,178.0,1.63,30.0,0.5,1.5006369426751591,45.36,0.9137576955145909,324.0,1.5006369426751591,0.16427104638464554,0.5493827143537571,59.99988000024
195.8,32.0,0.0,97.2,0.0,785.0,1093.0,178.0,1.78,30.0,0.5,2.0,45.83,0.9090909044479525,325.0,2.0,0.16343207270974425,0.5476923060071006,59.99988000024
475.0,0.0,0.0,0.0,0.0,788.5,888.25,213.75,0.0,60.0,0.75,0.2547770700636942,41.7,0.4499999990526316,475.0,0.2547770700636942,0.0,0.4499999990526316,79.99989333347555
475.0,0.0,0.0,0.0,0.0,788.5,888.25,213.75,0.0,60.0,0.75,0.5095541401273885,48.7,0.4499999990526316,475.0,0.5095541401273885,0.0,0.4499999990526316,79.99989333347555
475.0,0.0,0.0,0.0,0.0,788.5,888.25,213.75,0.0,60.0,0.75,0.7643312101910829,54.9,0.4499999990526316,475.0,0.7643312101910829,0.0,0.4499999990526316,79.99989333347555
572.0,0.0,0.0,0.0,0.0,795.0799999999999,623.48,200.2,1.43,50.0,1.0499790004199916,0.4968152866242038,48.7,0.3499999993881119,572.0,0.4968152866242038,0.0,0.3499999993881119,47.6199546467552
572.0,0.0,0.0,0.0,0.0,795.0799999999999,623.48,200.2,1.43,50.0,1.0499790004199916,0.9936305732484076,49.0,0.3499999993881119,572.0,0.9936305732484076,0.0,0.3499999993881119,47.6199546467552
572.0,0.0,0.0,0.0,0.0,795.0799999999999,623.48,200.2,1.43,50.0,1.0499790004199916,1.4904458598726114,51.1,0.3499999993881119,572.0,1.4904458598726114,0.0,0.3499999993881119,47.6199546467552
572.0,0.0,0.0,0.0,0.0,795.0799999999999,623.48,200.2,1.43,50.0,1.0499790004199916,1.9872611464968155,51.2,0.3499999993881119,572.0,1.9872611464968155,0.0,0.3499999993881119,47.6199546467552
572.0,0.0,0.0,0.0,0.0,795.0799999999999,623.48,200.2,1.43,35.0,0.5499685732243872,0.4968152866242038,45.9,0.3499999993881119,572.0,0.4968152866242038,0.0,0.3499999993881119,63.639884284507545
572.0,0.0,0.0,0.0,0.0,795.0799999999999,623.48,200.2,1.43,35.0,0.5499685732243872,0.9936305732484076,43.0,0.3499999993881119,572.0,0.9936305732484076,0.0,0.3499999993881119,63.639884284507545
572.0,0.0,0.0,0.0,0.0,795.0799999999999,623.48,200.2,1.43,35.0,0.5499685732243872,1.4904458598726114,34.5,0.3499999993881119,572.0,1.4904458598726114,0.0,0.3499999993881119,63.639884284507545
572.0,0.0,0.0,0.0,0.0,795.0799999999999,623.48,200.2,1.43,35.0,0.5499685732243872,1.9872611464968155,41.4,0.3499999993881119,572.0,1.9872611464968155,0.0,0.3499999993881119,63.639884284507545
572.0,0.0,0.0,0.0,0.0,795.0799999999999,623.48,200.2,1.43,30.0,0.3799873337555414,0.4968152866242038,49.8,0.3499999993881119,572.0,0.4968152866242038,0.0,0.3499999993881119,78.94979223046347
572.0,0.0,0.0,0.0,0.0,795.0799999999999,623.48,200.2,1.43,30.0,0.3799873337555414,0.9936305732484076,43.8,0.3499999993881119,572.0,0.9936305732484076,0.0,0.3499999993881119,78.94979223046347
572.0,0.0,0.0,0.0,0.0,795.0799999999999,623.48,200.2,1.43,30.0,0.3799873337555414,1.4904458598726114,44.4,0.3499999993881119,572.0,1.4904458598726114,0.0,0.3499999993881119,78.94979223046347
572.0,0.0,0.0,0.0,0.0,795.0799999999999,623.48,200.2,1.43,30.0,0.3799873337555414,1.9872611464968155,36.7,0.3499999993881119,572.0,1.9872611464968155,0.0,0.3499999993881119,78.94979223046347
300.0,0.0,0.0,0.0,0.0,471.0,1026.0,162.0,0.0,0.0,0.0,0.0,24.4,0.5399999982,300.0,0.0,0.0,0.5399999982,0.0
300.0,0.0,0.0,0.0,0.0,471.0,1026.0,162.0,0.0,60.0,0.75,0.3821656050955414,22.5,0.5399999982,300.0,0.3821656050955414,0.0,0.5399999982,79.99989333347555
300.0,0.0,0.0,0.0,0.0,471.0,1026.0,162.0,0.0,60.0,0.75,0.7643312101910829,22.6,0.5399999982,300.0,0.7643312101910829,0.0,0.5399999982,79.99989333347555
385.0,0.0,0.0,0.0,0.0,446.6,981.75,169.4,0.0,0.0,0.0,0.0,34.8,0.43999999885714286,385.0,0.0,0.0,0.43999999885714286,0.0
385.0,0.0,0.0,0.0,0.0,446.6,981.75,169.4,0.0,60.0,0.75,0.3821656050955414,30.8,0.43999999885714286,385.0,0.3821656050955414,0.0,0.43999999885714286,79.99989333347555
385.0,0.0,0.0,0.0,0.0,446.6,981.75,169.4,0.0,60.0,0.75,0.7643312101910829,30.2,0.43999999885714286,385.0,0.7643312101910829,0.0,0.43999999885714286,79.99989333347555
320.0,0.0,0.0,0.0,0.0,768.0,1312.0,144.0,3.2,50.0,1.0,0.5,26.0,0.44999999859375,320.0,0.5,0.0,0.44999999859375,49.999950000050006
320.0,0.0,0.0,0.0,0.0,768.0,1312.0,144.0,3.2,50.0,1.0,1.5,29.0,0.44999999859375,320.0,1.5,0.0,0.44999999859375,49.999950000050006
160.0,0.0,160.0,0.0,0.0,769.5999999999999,1315.2,72.0,3.2,50.0,1.0,0.5,13.0,0.4499999971875,320.0,0.5,0.0,0.224999999296875,49.999950000050006
160.0,0.0,160.0,0.0,0.0,769.5999999999999,1315.2,72.0,3.2,50.0,1.0,1.5,15.0,0.4499999971875,320.0,1.5,0.0,0.224999999296875,49.999950000050006
450.0,0.0,0.0,0.0,0.0,900.0,1048.5,157.5,11.25,0.0,0.0,0.0,63.0,0.34999999922222225,450.0,0.0,0.0,0.34999999922222225,0.0
450.0,0.0,0.0,0.0,0.0,900.0,1048.5,157.5,12.5,60.0,0.75,0.249936305732484,67.0,0.34999999922222225,450.0,0.249936305732484,0.0,0.34999999922222225,79.99989333347555
450.0,0.0,0.0,0.0,0.0,900.0,1048.5,157.5,16.0,30.0,0.75,0.249936305732484,64.0,0.34999999922222225,450.0,0.249936305732484,0.0,0.34999999922222225,39.99994666673778
450.0,0.0,0.0,0.0,0.0,900.0,1048.5,157.5,13.75,60.0,0.75,0.7496815286624204,73.0,0.34999999922222225,450.0,0.7496815286624204,0.0,0.34999999922222225,79.99989333347555
450.0,0.0,0.0,0.0,0.0,900.0,1048.5,157.5,19.5,30.0,0.75,0.7496815286624204,72.0,0.34999999922222225,450.0,0.7496815286624204,0.0,0.34999999922222225,39.99994666673778
405.0,0.0,0.0,0.0,44.55,810.0,943.65,141.75,10.0,0.0,0.0,0.0,66.0,0.3499999991358025,449.55,0.0,0.0,0.3153153146139132,0.0
405.0,0.0,0.0,0.0,44.55,810.0,943.65,141.75,11.25,60.0,0.75,0.249936305732484,73.5,0.3499999991358025,449.55,0.249936305732484,0.0,0.3153153146139132,79.99989333347555
405.0,0.0,0.0,0.0,44.55,810.0,943.65,141.75,19.5,30.0,0.75,0.249936305732484,70.0,0.3499999991358025,449.55,0.249936305732484,0.0,0.3153153146139132,39.99994666673778
405.0,0.0,0.0,0.0,44.55,810.0,943.65,141.75,13.0,60.0,0.75,0.7496815286624204,76.0,0.3499999991358025,449.55,0.7496815286624204,0.0,0.3153153146139132,79.99989333347555
405.0,0.0,0.0,0.0,44.55,810.0,943.65,141.75,20.0,30.0,0.75,0.7496815286624204,73.5,0.3499999991358025,449.55,0.7496815286624204,0.0,0.3153153146139132,39.99994666673778
350.0,0.0,0.0,0.0,0.0,938.0,938.0,175.0,4.75,0.0,0.0,0.0,46.0,0.49999999857142857,350.0,0.0,0.0,0.49999999857142857,0.0
350.0,0.0,0.0,0.0,0.0,938.0,938.0,175.0,4.75,60.0,0.75,0.249936305732484,49.0,0.49999999857142857,350.0,0.249936305732484,0.0,0.49999999857142857,79.99989333347555
350.0,0.0,0.0,0.0,0.0,938.0,938.0,175.0,6.0,30.0,0.75,0.249936305732484,48.0,0.49999999857142857,350.0,0.249936305732484,0.0,0.49999999857142857,39.99994666673778
350.0,0.0,0.0,0.0,0.0,938.0,938.0,175.0,7.5,60.0,0.75,0.7496815286624204,59.0,0.49999999857142857,350.0,0.7496815286624204,0.0,0.49999999857142857,79.99989333347555
350.0,0.0,0.0,0.0,0.0,938.0,938.0,175.0,10.25,30.0,0.75,0.7496815286624204,54.0,0.49999999857142857,350.0,0.7496815286624204,0.0,0.49999999857142857,39.99994666673778
315.0,0.0,0.0,0.0,34.65,935.55,935.55,157.5,6.25,0.0,0.0,0.0,49.0,0.49999999841269843,349.65,0.0,0.0,0.4504504491621609,0.0
315.0,0.0,0.0,0.0,34.65,935.55,935.55,157.5,6.75,60.0,0.75,0.249936305732484,53.0,0.49999999841269843,349.65,0.249936305732484,0.0,0.4504504491621609,79.99989333347555
315.0,0.0,0.0,0.0,34.65,935.55,935.55,157.5,12.5,30.0,0.75,0.249936305732484,49.0,0.49999999841269843,349.65,0.249936305732484,0.0,0.4504504491621609,39.99994666673778
315.0,0.0,0.0,0.0,34.65,935.55,935.55,157.5,8.5,60.0,0.75,0.7496815286624204,59.0,0.49999999841269843,349.65,0.7496815286624204,0.0,0.4504504491621609,79.99989333347555
315.0,0.0,0.0,0.0,34.65,935.55,935.55,157.5,11.0,30.0,0.75,0.7496815286624204,54.0,0.49999999841269843,349.65,0.7496815286624204,0.0,0.4504504491621609,39.99994666673778
451.0,0.0,0.0,0.0,0.0,649.4399999999999,1118.48,225.5,0.0,0.0,0.0,0.0,33.0,0.49999999889135255,451.0,0.0,0.0,0.49999999889135255,0.0
451.0,0.0,0.0,0.0,0.0,649.4399999999999,1118.48,225.5,0.0,38.0,0.5,1.4904458598726114,34.42,0.49999999889135255,451.0,1.4904458598726114,0.0,0.49999999889135255,75.999848000304
451.0,0.0,0.0,0.0,0.0,649.4399999999999,1118.48,225.5,0.0,15.0,0.3,1.4904458598726114,36.58,0.49999999889135255,451.0,1.4904458598726114,0.0,0.49999999889135255,49.999833333888894
400.0,0.0,0.0,0.0,0.0,732.0,1384.0,204.0,0.0,0.0,0.0,0.0,25.2,0.509999998725,400.0,0.0,0.0,0.509999998725,0.0
400.0,0.0,0.0,0.0,0.0,732.0,1384.0,204.0,0.0,17.0,0.8,0.2547770700636942,25.4,0.509999998725,400.0,0.2547770700636942,0.0,0.509999998725,21.2499734375332
400.0,0.0,0.0,0.0,0.0,732.0,1384.0,204.0,0.0,17.0,0.8,0.5095541401273885,26.4,0.509999998725,400.0,0.5095541401273885,0.0,0.509999998725,21.2499734375332
400.0,0.0,0.0,0.0,0.0,732.0,1384.0,204.0,0.0,17.0,0.8,0.7643312101910829,25.8,0.509999998725,400.0,0.7643312101910829,0.0,0.509999998725,21.2499734375332
400.0,0.0,0.0,0.0,0.0,732.0,1384.0,204.0,0.0,17.0,0.8,0.2547770700636942,25.3,0.509999998725,400.0,0.2547770700636942,0.0,0.509999998725,21.2499734375332
400.0,0.0,0.0,0.0,0.0,732.0,1384.0,204.0,0.0,17.0,0.8,0.5095541401273885,25.8,0.509999998725,400.0,0.5095541401273885,0.0,0.509999998725,21.2499734375332
400.0,0.0,0.0,0.0,0.0,732.0,1384.0,204.0,0.0,17.0,0.8,0.7643312101910829,26.4,0.509999998725,400.0,0.7643312101910829,0.0,0.509999998725,21.2499734375332
320.0,0.0,0.0,0.0,0.0,944.0,960.0,192.0,5.083,17.0,0.2746153846365088,0.5095541401273885,38.5,0.599999998125,320.0,0.5095541401273885,0.0,0.599999998125,61.90453647731819
320.0,0.0,0.0,0.0,0.0,944.0,960.0,192.0,5.083,17.0,0.2746153846365088,0.9554140127388536,40.2,0.599999998125,320.0,0.9554140127388536,0.0,0.599999998125,61.90453647731819
320.0,0.0,0.0,0.0,0.0,944.0,960.0,192.0,5.083,17.0,0.3116666666406944,0.5095541401273885,36.4,0.599999998125,320.0,0.5095541401273885,0.0,0.599999998125,54.54527953840789
320.0,0.0,0.0,0.0,0.0,944.0,960.0,192.0,5.083,17.0,0.3116666666406944,0.9554140127388536,40.9,0.599999998125,320.0,0.9554140127388536,0.0,0.599999998125,54.54527953840789
370.0,0.0,0.0,0.0,0.0,987.9,987.9,185.0,0.62,60.0,0.75,0.3184713375796179,37.1,0.49999999864864864,370.0,0.3184713375796179,0.0,0.49999999864864864,79.99989333347555
454.0,0.0,0.0,0.0,0.0,712.78,889.84,272.4,0.0,30.0,0.67,0.2547770700636942,33.5,0.599999998678414,454.0,0.2547770700636942,0.0,0.599999998678414,44.77605257305586
454.0,0.0,0.0,0.0,0.0,712.78,889.84,272.4,0.0,30.0,0.67,0.3821656050955414,34.5,0.599999998678414,454.0,0.3821656050955414,0.0,0.599999998678414,44.77605257305586
454.0,0.0,0.0,0.0,0.0,712.78,889.84,272.4,0.0,30.0,0.67,0.5732484076433121,34.0,0.599999998678414,454.0,0.5732484076433121,0.0,0.599999998678414,44.77605257305586
410.0,0.0,0.0,0.0,0.0,916.0,829.0,225.0,5.0,0.0,0.0,0.0,32.06,0.5487804864663891,410.0,0.0,0.0,0.5487804864663891,0.0
410.0,0.0,0.0,0.0,0.0,916.0,829.0,225.0,5.0,30.0,0.5,0.5,32.66,0.5487804864663891,410.0,0.5,0.0,0.5487804864663891,59.99988000024
410.0,0.0,0.0,0.0,0.0,916.0,829.0,225.0,5.0,30.0,0.5,1.0,34.11,0.5487804864663891,410.0,1.0,0.0,0.5487804864663891,59.99988000024
410.0,0.0,0.0,0.0,0.0,916.0,829.0,225.0,5.0,30.0,0.5,1.2500636942675158,36.28,0.5487804864663891,410.0,1.2500636942675158,0.0,0.5487804864663891,59.99988000024
410.0,0.0,0.0,0.0,0.0,916.0,829.0,225.0,5.0,30.0,0.5,1.5,37.46,0.5487804864663891,410.0,1.5,0.0,0.5487804864663891,59.99988000024
410.0,0.0,0.0,0.0,0.0,916.0,829.0,225.0,5.0,30.0,0.5,1.750063694267516,39.27,0.5487804864663891,410.0,1.750063694267516,0.0,0.5487804864663891,59.99988000024
410.0,0.0,0.0,0.0,0.0,916.0,829.0,225.0,5.0,30.0,0.5,2.0,39.85,0.5487804864663891,410.0,2.0,0.0,0.5487804864663891,59.99988000024
410.0,0.0,0.0,0.0,0.0,916.0,829.0,225.0,5.0,60.0,0.8,0.5,33.73,0.5487804864663891,410.0,0.5,0.0,0.5487804864663891,74.99990625011718
410.0,0.0,0.0,0.0,0.0,916.0,829.0,225.0,5.0,60.0,0.8,1.0,34.63,0.5487804864663891,410.0,1.0,0.0,0.5487804864663891,74.99990625011718
410.0,0.0,0.0,0.0,0.0,916.0,829.0,225.0,5.0,60.0,0.8,1.2500636942675158,36.61,0.5487804864663891,410.0,1.2500636942675158,0.0,0.5487804864663891,74.99990625011718
410.0,0.0,0.0,0.0,0.0,916.0,829.0,225.0,5.0,60.0,0.8,1.5,38.31,0.5487804864663891,410.0,1.5,0.0,0.5487804864663891,74.99990625011718
410.0,0.0,0.0,0.0,0.0,916.0,829.0,225.0,5.0,60.0,0.8,1.750063694267516,39.63,0.5487804864663891,410.0,1.750063694267516,0.0,0.5487804864663891,74.99990625011718
410.0,0.0,0.0,0.0,0.0,916.0,829.0,225.0,5.0,60.0,0.8,2.0,41.17,0.5487804864663891,410.0,2.0,0.0,0.5487804864663891,74.99990625011718
410.0,0.0,0.0,0.0,0.0,916.0,829.0,225.0,5.0,50.0,0.6,0.5,33.99,0.5487804864663891,410.0,0.5,0.0,0.5487804864663891,83.33319444467593
410.0,0.0,0.0,0.0,0.0,916.0,829.0,225.0,5.0,50.0,0.6,1.0,35.26,0.5487804864663891,410.0,1.0,0.0,0.5487804864663891,83.33319444467593
410.0,0.0,0.0,0.0,0.0,916.0,829.0,225.0,5.0,50.0,0.6,1.2500636942675158,37.09,0.5487804864663891,410.0,1.2500636942675158,0.0,0.5487804864663891,83.33319444467593
410.0,0.0,0.0,0.0,0.0,916.0,829.0,225.0,5.0,50.0,0.6,1.5,39.73,0.5487804864663891,410.0,1.5,0.0,0.5487804864663891,83.33319444467593
410.0,0.0,0.0,0.0,0.0,916.0,829.0,225.0,5.0,50.0,0.6,1.750063694267516,41.27,0.5487804864663891,410.0,1.750063694267516,0.0,0.5487804864663891,83.33319444467593
410.0,0.0,0.0,0.0,0.0,916.0,829.0,225.0,5.0,50.0,0.6,2.0,42.87,0.5487804864663891,410.0,2.0,0.0,0.5487804864663891,83.33319444467593
565.0,56.5,0.0,0.0,0.0,530.0,1150.0,191.0,17.0,0.0,0.0,0.0,73.5,0.33805309674680867,621.5,0.0,0.09999999982300885,0.3073209970920016,0.0
565.0,56.5,0.0,0.0,0.0,530.0,1150.0,191.0,17.0,30.0,0.5,0.5,76.02,0.33805309674680867,621.5,0.5,0.09999999982300885,0.3073209970920016,59.99988000024
565.0,56.5,0.0,0.0,0.0,530.0,1150.0,191.0,17.0,30.0,0.5,1.0,78.48,0.33805309674680867,621.5,1.0,0.09999999982300885,0.3073209970920016,59.99988000024
565.0,56.5,0.0,0.0,0.0,530.0,1150.0,191.0,17.0,30.0,0.5,1.2500636942675158,80.09,0.33805309674680867,621.5,1.2500636942675158,0.09999999982300885,0.3073209970920016,59.99988000024
565.0,56.5,0.0,0.0,0.0,530.0,1150.0,191.0,17.0,30.0,0.5,1.5,84.63,0.33805309674680867,621.5,1.5,0.09999999982300885,0.3073209970920016,59.99988000024
565.0,56.5,0.0,0.0,0.0,530.0,1150.0,191.0,17.0,30.0,0.5,1.750063694267516,86.22,0.33805309674680867,621.5,1.750063694267516,0.09999999982300885,0.3073209970920016,59.99988000024
565.0,56.5,0.0,0.0,0.0,530.0,1150.0,191.0,17.0,30.0,0.5,2.0,88.97,0.33805309674680867,621.5,2.0,0.09999999982300885,0.3073209970920016,59.99988000024
565.0,56.5,0.0,0.0,0.0,530.0,1150.0,191.0,17.0,60.0,0.8,0.5,76.96,0.33805309674680867,621.5,0.5,0.09999999982300885,0.3073209970920016,74.99990625011718
565.0,56.5,0.0,0.0,0.0,530.0,1150.0,191.0,17.0,60.0,0.8,1.0,78.85,0.33805309674680867,621.5,1.0,0.09999999982300885,0.3073209970920016,74.99990625011718
565.0,56.5,0.0,0.0,0.0,530.0,1150.0,191.0,17.0,60.0,0.8,1.2500636942675158,84.48,0.33805309674680867,621.5,1.2500636942675158,0.09999999982300885,0.3073209970920016,74.99990625011718
565.0,56.5,0.0,0.0,0.0,530.0,1150.0,191.0,17.0,60.0,0.8,1.5,87.4,0.33805309674680867,621.5,1.5,0.09999999982300885,0.3073209970920016,74.99990625011718
565.0,56.5,0.0,0.0,0.0,530.0,1150.0,191.0,17.0,60.0,0.8,1.750063694267516,89.52,0.33805309674680867,621.5,1.750063694267516,0.09999999982300885,0.3073209970920016,74.99990625011718
565.0,56.5,0.0,0.0,0.0,530.0,1150.0,191.0,17.0,60.0,0.8,2.0,91.49,0.33805309674680867,621.5,2.0,0.09999999982300885,0.3073209970920016,74.99990625011718
565.0,56.5,0.0,0.0,0.0,530.0,1150.0,191.0,17.0,50.0,0.6,0.5,78.02,0.33805309674680867,621.5,0.5,0.09999999982300885,0.3073209970920016,83.33319444467593
565.0,56.5,0.0,0.0,0.0,530.0,1150.0,191.0,17.0,50.0,0.6,1.0,80.95,0.33805309674680867,621.5,1.0,0.09999999982300885,0.3073209970920016,83.33319444467593
565.0,56.5,0.0,0.0,0.0,530.0,1150.0,191.0,17.0,50.0,0.6,1.2500636942675158,86.21,0.33805309674680867,621.5,1.2500636942675158,0.09999999982300885,0.3073209970920016,83.33319444467593
565.0,56.5,0.0,0.0,0.0,530.0,1150.0,191.0,17.0,50.0,0.6,1.5,89.19,0.33805309674680867,621.5,1.5,0.09999999982300885,0.3073209970920016,83.33319444467593
565.0,56.5,0.0,0.0,0.0,530.0,1150.0,191.0,17.0,50.0,0.6,1.750063694267516,91.73,0.33805309674680867,621.5,1.750063694267516,0.09999999982300885,0.3073209970920016,83.33319444467593
565.0,56.5,0.0,0.0,0.0,530.0,1150.0,191.0,17.0,50.0,0.6,2.0,93.56,0.33805309674680867,621.5,2.0,0.09999999982300885,0.3073209970920016,83.33319444467593
385.0,0.0,0.0,0.0,0.0,920.15,881.65,177.1,2.31,0.0,0.0,0.0,41.3,0.4599999988051948,385.0,0.0,0.0,0.4599999988051948,0.0
385.0,0.0,0.0,0.0,0.0,912.45,873.95,177.1,3.85,60.0,0.75,0.4968152866242038,46.35,0.4599999988051948,385.0,0.4968152866242038,0.0,0.4599999988051948,79.99989333347555
385.0,0.0,0.0,0.0,0.0,904.75,870.0999999999999,177.1,4.62,60.0,0.75,0.9936305732484076,47.25,0.4599999988051948,385.0,0.9936305732484076,0.0,0.4599999988051948,79.99989333347555
450.0,0.0,0.0,0.0,0.0,913.5,877.5,162.0,4.949999999999999,60.0,0.75,0.0,55.58,0.35999999920000003,450.0,0.0,0.0,0.35999999920000003,79.99989333347555
450.0,0.0,0.0,0.0,0.0,904.5,868.5,162.0,5.85,60.0,0.75,0.4968152866242038,58.44,0.35999999920000003,450.0,0.4968152866242038,0.0,0.35999999920000003,79.99989333347555
450.0,0.0,0.0,0.0,0.0,900.0,864.0,162.0,6.75,60.0,0.75,0.9936305732484076,60.21,0.35999999920000003,450.0,0.9936305732484076,0.0,0.35999999920000003,79.99989333347555
350.0,0.0,0.0,0.0,0.0,797.9999999999999,1078.0,157.5,0.42,0.0,0.0,0.0,52.4,0.4499999987142857,350.0,0.0,0.0,0.4499999987142857,0.0
350.0,0.0,0.0,0.0,0.0,797.9999999999999,1078.0,157.5,0.42,40.0,0.62,0.4968152866242038,60.7,0.4499999987142857,350.0,0.4968152866242038,0.0,0.4499999987142857,64.51602497415327
350.0,0.0,0.0,0.0,0.0,797.9999999999999,1078.0,157.5,0.42,40.0,0.62,0.9936305732484076,64.1,0.4499999987142857,350.0,0.9936305732484076,0.0,0.4499999987142857,64.51602497415327
350.0,0.0,0.0,0.0,0.0,797.9999999999999,1078.0,157.5,0.42,40.0,0.62,1.4904458598726114,62.3,0.4499999987142857,350.0,1.4904458598726114,0.0,0.4499999987142857,64.51602497415327
350.0,0.0,0.0,0.0,0.0,797.9999999999999,1078.0,157.5,0.42,50.0,0.62,0.4968152866242038,55.8,0.4499999987142857,350.0,0.4968152866242038,0.0,0.4499999987142857,80.64503121769158
350.0,0.0,0.0,0.0,0.0,797.9999999999999,1078.0,157.5,0.42,50.0,0.62,0.9936305732484076,62.3,0.4499999987142857,350.0,0.9936305732484076,0.0,0.4499999987142857,80.64503121769158
350.0,0.0,0.0,0.0,0.0,797.9999999999999,1078.0,157.5,0.42,50.0,0.62,1.4904458598726114,64.2,0.4499999987142857,350.0,1.4904458598726114,0.0,0.4499999987142857,80.64503121769158
350.0,0.0,0.0,0.0,0.0,797.9999999999999,1078.0,157.5,0.42,60.0,0.75,0.4968152866242038,58.9,0.4499999987142857,350.0,0.4968152866242038,0.0,0.4499999987142857,79.99989333347555
350.0,0.0,0.0,0.0,0.0,797.9999999999999,1078.0,157.5,0.42,60.0,0.75,0.9936305732484076,59.7,0.4499999987142857,350.0,0.9936305732484076,0.0,0.4499999987142857,79.99989333347555
350.0,0.0,0.0,0.0,0.0,797.9999999999999,1078.0,157.5,0.42,60.0,0.75,1.4904458598726114,66.2,0.4499999987142857,350.0,1.4904458598726114,0.0,0.4499999987142857,79.99989333347555
450.0,0.0,0.0,0.0,0.0,715.5,1053.0,157.5,0.675,0.0,0.0,0.0,61.7,0.34999999922222225,450.0,0.0,0.0,0.34999999922222225,0.0
450.0,0.0,0.0,0.0,0.0,715.5,1053.0,157.5,0.675,40.0,0.62,0.4968152866242038,67.4,0.34999999922222225,450.0,0.4968152866242038,0.0,0.34999999922222225,64.51602497415327
450.0,0.0,0.0,0.0,0.0,715.5,1053.0,157.5,0.675,40.0,0.62,0.9936305732484076,72.3,0.34999999922222225,450.0,0.9936305732484076,0.0,0.34999999922222225,64.51602497415327
450.0,0.0,0.0,0.0,0.0,715.5,1053.0,157.5,0.675,40.0,0.62,1.4904458598726114,75.9,0.34999999922222225,450.0,1.4904458598726114,0.0,0.34999999922222225,64.51602497415327
450.0,0.0,0.0,0.0,0.0,715.5,1053.0,157.5,0.675,50.0,0.62,0.4968152866242038,73.8,0.34999999922222225,450.0,0.4968152866242038,0.0,0.34999999922222225,80.64503121769158
450.0,0.0,0.0,0.0,0.0,715.5,1053.0,157.5,0.675,50.0,0.62,0.9936305732484076,76.4,0.34999999922222225,450.0,0.9936305732484076,0.0,0.34999999922222225,80.64503121769158
450.0,0.0,0.0,0.0,0.0,715.5,1053.0,157.5,0.675,50.0,0.62,1.4904458598726114,77.3,0.34999999922222225,450.0,1.4904458598726114,0.0,0.34999999922222225,80.64503121769158
450.0,0.0,0.0,0.0,0.0,715.5,1053.0,157.5,0.675,60.0,0.75,0.4968152866242038,68.0,0.34999999922222225,450.0,0.4968152866242038,0.0,0.34999999922222225,79.99989333347555
450.0,0.0,0.0,0.0,0.0,715.5,1053.0,157.5,0.675,60.0,0.75,0.9936305732484076,70.6,0.34999999922222225,450.0,0.9936305732484076,0.0,0.34999999922222225,79.99989333347555
450.0,0.0,0.0,0.0,0.0,715.5,1053.0,157.5,0.675,60.0,0.75,1.4904458598726114,85.5,0.34999999922222225,450.0,1.4904458598726114,0.0,0.34999999922222225,79.99989333347555
550.0,0.0,0.0,0.0,0.0,682.0,1050.5,137.5,1.375,0.0,0.0,0.0,87.5,0.24999999954545454,550.0,0.0,0.0,0.24999999954545454,0.0
550.0,0.0,0.0,0.0,0.0,682.0,1050.5,137.5,1.375,40.0,0.62,0.4968152866242038,90.3,0.24999999954545454,550.0,0.4968152866242038,0.0,0.24999999954545454,64.51602497415327
550.0,0.0,0.0,0.0,0.0,682.0,1050.5,137.5,1.375,40.0,0.62,0.9936305732484076,92.7,0.24999999954545454,550.0,0.9936305732484076,0.0,0.24999999954545454,64.51602497415327
550.0,0.0,0.0,0.0,0.0,682.0,1050.5,137.5,1.375,40.0,0.62,1.4904458598726114,87.0,0.24999999954545454,550.0,1.4904458598726114,0.0,0.24999999954545454,64.51602497415327
550.0,0.0,0.0,0.0,0.0,682.0,1050.5,137.5,1.375,50.0,0.62,0.4968152866242038,90.7,0.24999999954545454,550.0,0.4968152866242038,0.0,0.24999999954545454,80.64503121769158
550.0,0.0,0.0,0.0,0.0,682.0,1050.5,137.5,1.375,50.0,0.62,0.9936305732484076,93.0,0.24999999954545454,550.0,0.9936305732484076,0.0,0.24999999954545454,80.64503121769158
550.0,0.0,0.0,0.0,0.0,682.0,1050.5,137.5,1.375,50.0,0.62,1.4904458598726114,86.6,0.24999999954545454,550.0,1.4904458598726114,0.0,0.24999999954545454,80.64503121769158
550.0,0.0,0.0,0.0,0.0,682.0,1050.5,137.5,1.375,60.0,0.75,0.4968152866242038,91.6,0.24999999954545454,550.0,0.4968152866242038,0.0,0.24999999954545454,79.99989333347555
550.0,0.0,0.0,0.0,0.0,682.0,1050.5,137.5,1.375,60.0,0.75,0.9936305732484076,93.8,0.24999999954545454,550.0,0.9936305732484076,0.0,0.24999999954545454,79.99989333347555
550.0,0.0,0.0,0.0,0.0,682.0,1050.5,137.5,1.375,60.0,0.75,1.4904458598726114,78.6,0.24999999954545454,550.0,1.4904458598726114,0.0,0.24999999954545454,79.99989333347555
417.0,0.0,0.0,0.0,0.0,725.58,1084.2,175.14,4.2,0.0,0.0,0.0,47.53,0.4199999989928057,417.0,0.0,0.0,0.4199999989928057,0.0
417.0,0.0,0.0,0.0,0.0,725.58,1084.2,175.14,4.2,12.0,0.2,0.5031847133757962,49.35,0.4199999989928057,417.0,0.5031847133757962,0.0,0.4199999989928057,59.99970000149999
417.0,0.0,0.0,0.0,0.0,725.58,1084.2,175.14,4.2,12.0,0.2,1.0063694267515924,51.44,0.4199999989928057,417.0,1.0063694267515924,0.0,0.4199999989928057,59.99970000149999
417.0,0.0,0.0,0.0,0.0,725.58,1084.2,175.14,4.2,12.0,0.2,1.5095541401273886,53.21,0.4199999989928057,417.0,1.5095541401273886,0.0,0.4199999989928057,59.99970000149999
417.0,0.0,0.0,0.0,0.0,725.58,1084.2,175.14,4.2,12.0,0.2,2.0127388535031847,52.25,0.4199999989928057,417.0,2.0127388535031847,0.0,0.4199999989928057,59.99970000149999
417.0,0.0,0.0,0.0,0.0,725.58,1084.2,175.14,4.2,30.0,0.5,0.5031847133757962,50.76,0.4199999989928057,417.0,0.5031847133757962,0.0,0.4199999989928057,59.99988000024
417.0,0.0,0.0,0.0,0.0,725.58,1084.2,175.14,4.2,30.0,0.5,1.0063694267515924,51.92,0.4199999989928057,417.0,1.0063694267515924,0.0,0.4199999989928057,59.99988000024
417.0,0.0,0.0,0.0,0.0,725.58,1084.2,175.14,4.2,30.0,0.5,1.5095541401273886,53.65,0.4199999989928057,417.0,1.5095541401273886,0.0,0.4199999989928057,59.99988000024
417.0,0.0,0.0,0.0,0.0,725.58,1084.2,175.14,4.2,30.0,0.5,2.0127388535031847,53.05,0.4199999989928057,417.0,2.0127388535031847,0.0,0.4199999989928057,59.99988000024
417.0,0.0,0.0,0.0,0.0,725.58,1084.2,175.14,4.2,45.0,0.75,0.5031847133757962,50.09,0.4199999989928057,417.0,0.5031847133757962,0.0,0.4199999989928057,59.99992000010666
417.0,0.0,0.0,0.0,0.0,725.58,1084.2,175.14,4.2,45.0,0.75,1.0063694267515924,51.75,0.4199999989928057,417.0,1.0063694267515924,0.0,0.4199999989928057,59.99992000010666
417.0,0.0,0.0,0.0,0.0,725.58,1084.2,175.14,4.2,45.0,0.75,1.5095541401273886,52.91,0.4199999989928057,417.0,1.5095541401273886,0.0,0.4199999989928057,59.99992000010666
417.0,0.0,0.0,0.0,0.0,725.58,1084.2,175.14,4.2,45.0,0.75,2.0127388535031847,52.92,0.4199999989928057,417.0,2.0127388535031847,0.0,0.4199999989928057,59.99992000010666
417.0,0.0,0.0,0.0,0.0,725.58,1084.2,175.14,4.2,30.0,0.75,1.5095541401273886,52.64,0.4199999989928057,417.0,1.5095541401273886,0.0,0.4199999989928057,39.99994666673778
417.0,0.0,0.0,0.0,0.0,725.58,1084.2,175.14,4.2,60.0,0.75,1.5095541401273886,52.75,0.4199999989928057,417.0,1.5095541401273886,0.0,0.4199999989928057,79.99989333347555
437.77,0.0,0.0,0.0,0.0,639.48,1130.04,197.1,0.0,0.0,0.0,0.0,42.88,0.45023642449177326,437.77,0.0,0.0,0.45023642449177326,0.0
437.77,0.0,0.0,0.0,0.0,639.48,1130.04,201.48,0.0,30.0,0.5,1.0,47.03,0.4602416783693682,437.77,1.0,0.0,0.4602416783693682,59.99988000024
437.77,0.0,0.0,0.0,0.0,639.48,1130.04,205.86,0.0,30.0,0.5,2.0,49.48,0.47024693224696323,437.77,2.0,0.0,0.47024693224696323,59.99988000024
437.77,0.0,0.0,0.0,0.0,639.48,1130.04,210.24,0.0,30.0,0.5,3.0,45.33,0.48025218612455817,437.77,3.0,0.0,0.48025218612455817,59.99988000024
200.0,0.0,0.0,0.0,0.0,1002.0,798.0,88.0,7.87,30.0,0.69,1.4923566878980892,47.3,0.43999999780000004,200.0,1.4923566878980892,0.0,0.43999999780000004,43.478197857684265
200.0,0.0,0.0,0.0,0.0,1002.0,798.0,88.0,9.68,30.0,0.69,2.4872611464968157,49.2,0.43999999780000004,200.0,2.4872611464968157,0.0,0.43999999780000004,43.478197857684265
200.0,0.0,0.0,0.0,0.0,1002.0,798.0,88.0,16.94,30.0,0.69,3.979617834394906,53.3,0.43999999780000004,200.0,3.979617834394906,0.0,0.43999999780000004,43.478197857684265
460.0,0.0,0.0,0.0,0.0,777.4,947.6,170.2,6.6,0.0,0.0,0.0,43.4,0.36999999919565213,460.0,0.0,0.0,0.36999999919565213,0.0
460.0,0.0,0.0,0.0,0.0,777.4,947.6,170.2,6.6,35.0,0.5499685732243872,0.2547770700636942,46.2,0.36999999919565213,460.0,0.2547770700636942,0.0,0.36999999919565213,63.639884284507545
460.0,0.0,0.0,0.0,0.0,777.4,947.6,170.2,6.6,35.0,0.5499685732243872,0.5095541401273885,48.9,0.36999999919565213,460.0,0.5095541401273885,0.0,0.36999999919565213,63.639884284507545
460.0,0.0,0.0,0.0,0.0,777.4,947.6,170.2,6.6,35.0,0.5499685732243872,0.7643312101910829,36.6,0.36999999919565213,460.0,0.7643312101910829,0.0,0.36999999919565213,63.639884284507545
460.0,0.0,0.0,0.0,0.0,777.4,947.6,170.2,6.6,35.0,0.5499685732243872,1.019108280254777,40.9,0.36999999919565213,460.0,1.019108280254777,0.0,0.36999999919565213,63.639884284507545
429.0,0.0,0.0,0.0,0.0,690.69,990.99,214.5,0.2145,0.0,0.0,0.0,42.84,0.49999999883449886,429.0,0.0,0.0,0.49999999883449886,0.0
429.0,0.0,0.0,0.0,0.0,690.69,990.99,214.5,0.2145,35.0,0.54,0.5,46.57,0.49999999883449886,429.0,0.5,0.0,0.49999999883449886,64.81469478760224
429.0,0.0,0.0,0.0,0.0,690.69,990.99,214.5,0.2145,35.0,0.54,1.0,46.84,0.49999999883449886,429.0,1.0,0.0,0.49999999883449886,64.81469478760224
429.0,0.0,0.0,0.0,0.0,690.69,990.99,214.5,0.2145,60.0,0.92,0.5,43.68,0.49999999883449886,429.0,0.5,0.0,0.49999999883449886,65.21732041595607
429.0,0.0,0.0,0.0,0.0,690.69,990.99,214.5,0.2145,60.0,0.92,1.0,46.48,0.49999999883449886,429.0,1.0,0.0,0.49999999883449886,65.21732041595607
429.0,0.0,0.0,0.0,0.0,733.59,990.99,193.05,0.4719,0.0,0.0,0.0,49.97,0.449999998951049,429.0,0.0,0.0,0.449999998951049,0.0
429.0,0.0,0.0,0.0,0.0,733.59,990.99,193.05,0.4719,35.0,0.54,0.5,53.27,0.449999998951049,429.0,0.5,0.0,0.449999998951049,64.81469478760224
429.0,0.0,0.0,0.0,0.0,733.59,990.99,193.05,0.4719,35.0,0.54,1.0,48.62,0.449999998951049,429.0,1.0,0.0,0.449999998951049,64.81469478760224
429.0,0.0,0.0,0.0,0.0,733.59,990.99,193.05,0.4719,60.0,0.92,0.5,52.21,0.449999998951049,429.0,0.5,0.0,0.449999998951049,65.21732041595607
429.0,0.0,0.0,0.0,0.0,733.59,990.99,193.05,0.4719,60.0,0.92,1.0,47.17,0.449999998951049,429.0,1.0,0.0,0.449999998951049,65.21732041595607
336.0,0.0,0.0,0.0,0.0,729.12,1189.44,194.88,0.0,0.0,0.0,0.0,35.0,0.5799999982738095,336.0,0.0,0.0,0.5799999982738095,0.0
336.0,0.0,0.0,0.0,0.0,749.28,1145.76,194.88,0.0,30.0,0.75,1.0,42.0,0.5799999982738095,336.0,1.0,0.0,0.5799999982738095,39.99994666673778
336.0,0.0,0.0,0.0,0.0,749.28,1145.76,194.88,0.0,40.0,0.75,1.0,44.0,0.5799999982738095,336.0,1.0,0.0,0.5799999982738095,53.33326222231703
336.0,0.0,0.0,0.0,0.0,749.28,1145.76,194.88,0.0,50.0,0.75,1.0,42.0,0.5799999982738095,336.0,1.0,0.0,0.5799999982738095,66.6665777778963
336.0,0.0,0.0,0.0,0.0,749.28,1145.76,194.88,0.0,60.0,0.75,1.0,40.0,0.5799999982738095,336.0,1.0,0.0,0.5799999982738095,79.99989333347555
521.0,0.0,0.0,0.0,0.0,630.41,1125.36,171.93,5.21,0.0,0.0,0.0,66.0,0.3299999993666027,521.0,0.0,0.0,0.3299999993666027,0.0
521.0,0.0,0.0,0.0,0.0,651.25,1078.47,171.93,5.21,30.0,0.75,1.0,82.0,0.3299999993666027,521.0,1.0,0.0,0.3299999993666027,39.99994666673778
521.0,0.0,0.0,0.0,0.0,651.25,1078.47,171.93,5.21,40.0,0.75,1.0,78.0,0.3299999993666027,521.0,1.0,0.0,0.3299999993666027,53.33326222231703
521.0,0.0,0.0,0.0,0.0,651.25,1078.47,171.93,5.21,50.0,0.75,1.0,79.0,0.3299999993666027,521.0,1.0,0.0,0.3299999993666027,66.6665777778963
521.0,0.0,0.0,0.0,0.0,651.25,1078.47,171.93,5.21,60.0,0.75,1.0,77.0,0.3299999993666027,521.0,1.0,0.0,0.3299999993666027,79.99989333347555
385.0,0.0,0.0,0.0,0.0,713.0,1065.0,212.0,0.67,0.0,0.0,0.0,34.9,0.5506493492190926,385.0,0.0,0.0,0.5506493492190926,0.0
385.0,0.0,0.0,0.0,0.0,713.0,1065.0,212.0,0.67,60.0,0.8999999999999999,0.2547770700636942,24.9,0.5506493492190926,385.0,0.2547770700636942,0.0,0.5506493492190926,66.6665925926749
385.0,0.0,0.0,0.0,0.0,713.0,1065.0,212.0,0.67,60.0,0.8999999999999999,0.3821656050955414,26.7,0.5506493492190926,385.0,0.3821656050955414,0.0,0.5506493492190926,66.6665925926749
385.0,0.0,0.0,0.0,0.0,713.0,1065.0,212.0,0.67,60.0,0.8999999999999999,0.5095541401273885,31.1,0.5506493492190926,385.0,0.5095541401273885,0.0,0.5506493492190926,66.6665925926749
400.0,0.0,0.0,0.0,0.0,610.0,1130.0,192.0,0.0,0.0,0.0,0.0,29.8,0.4799999988,400.0,0.0,0.0,0.4799999988,0.0
400.0,0.0,0.0,0.0,0.0,600.0,1120.0,192.0,0.0,30.0,0.5454545454545454,0.5095541401273885,30.5,0.4799999988,400.0,0.5095541401273885,0.0,0.4799999988,54.99989916685153
400.0,0.0,0.0,0.0,0.0,600.0,1110.0,192.0,0.0,30.0,0.5454545454545454,1.019108280254777,31.2,0.4799999988,400.0,1.019108280254777,0.0,0.4799999988,54.99989916685153
400.0,0.0,0.0,0.0,0.0,590.0,1110.0,192.0,0.0,30.0,0.5454545454545454,1.5286624203821657,32.3,0.4799999988,400.0,1.5286624203821657,0.0,0.4799999988,54.99989916685153
450.0,0.0,0.0,0.0,0.0,610.0,1140.0,216.0,5.4,0.0,0.0,0.0,56.0,0.47999999893333334,450.0,0.0,0.0,0.47999999893333334,0.0
450.0,0.0,0.0,0.0,0.0,610.0,1130.0,216.0,5.4,30.0,0.5454545454545454,0.5095541401273885,57.0,0.47999999893333334,450.0,0.5095541401273885,0.0,0.47999999893333334,54.99989916685153
450.0,0.0,0.0,0.0,0.0,600.0,1120.0,216.0,5.4,30.0,0.5454545454545454,1.019108280254777,57.8,0.47999999893333334,450.0,1.019108280254777,0.0,0.47999999893333334,54.99989916685153
450.0,0.0,0.0,0.0,0.0,600.0,1110.0,216.0,5.4,30.0,0.5454545454545454,1.5286624203821657,59.4,0.47999999893333334,450.0,1.5286624203821657,0.0,0.47999999893333334,54.99989916685153
450.0,50.0,0.0,0.0,0.0,630.0,1170.0,240.0,5.4,0.0,0.0,0.0,72.4,0.5333333321481482,500.0,0.0,0.11111111086419753,0.47999999904,0.0
450.0,50.0,0.0,0.0,0.0,625.0,1160.0,240.0,5.4,30.0,0.5454545454545454,0.5095541401273885,73.6,0.5333333321481482,500.0,0.5095541401273885,0.11111111086419753,0.47999999904,54.99989916685153
450.0,50.0,0.0,0.0,0.0,620.0,1150.0,240.0,5.4,30.0,0.5454545454545454,1.019108280254777,74.8,0.5333333321481482,500.0,1.019108280254777,0.11111111086419753,0.47999999904,54.99989916685153
450.0,50.0,0.0,0.0,0.0,615.0,1140.0,240.0,5.4,30.0,0.5454545454545454,1.5286624203821657,77.0,0.5333333321481482,500.0,1.5286624203821657,0.11111111086419753,0.47999999904,54.99989916685153
500.0,30.0,0.0,0.0,0.0,650.0,1300.0,175.0,7.5,0.0,0.0,0.0,66.7,0.34999999930000003,530.0,0.0,0.05999999988,0.3301886786222855,0.0
500.0,30.0,0.0,0.0,0.0,650.0,1222.0,175.0,7.5,22.0,0.55,0.9936305732484076,69.6,0.34999999930000003,530.0,0.9936305732484076,0.05999999988,0.3301886786222855,39.9999272728595
500.0,30.0,0.0,0.0,0.0,650.0,1174.0,175.0,7.5,22.0,0.55,1.605095541401274,58.2,0.34999999930000003,530.0,1.605095541401274,0.05999999988,0.3301886786222855,39.9999272728595
500.0,30.0,0.0,0.0,0.0,650.0,1065.0,175.0,7.5,22.0,0.55,2.993630573248408,58.5,0.34999999930000003,530.0,2.993630573248408,0.05999999988,0.3301886786222855,39.9999272728595
554.9,127.63,172.02,0.0,0.0,937.781,410.626,155.37,21.08,13.0,0.2,2.0,120.8,0.27999639524239256,854.55,2.0,0.230005405965029,0.18181499013303495,64.999675001625
406.9,93.59,126.14,0.0,0.0,687.661,1086.423,113.93,18.72,13.0,0.2,2.0,120.5,0.2799950840992994,626.63,2.0,0.23000737225360687,0.1818138292424336,64.999675001625
554.9,127.63,172.02,0.0,0.0,937.781,427.273,155.37,21.08,13.0,0.2,2.0,120.2,0.27999639524239256,854.55,2.0,0.230005405965029,0.18181499013303495,64.999675001625
477.4,109.8,148.0,0.0,0.0,806.8059999999999,849.7719999999999,133.67,21.96,13.0,0.2,2.0,121.0,0.27999581005447044,735.1999999999999,2.0,0.22999581015920442,0.18181447200514897,64.999675001625
406.9,93.59,126.14,0.0,0.0,687.661,1131.1819999999998,113.93,18.72,13.0,0.2,2.0,120.5,0.2799950840992994,626.63,2.0,0.23000737225360687,0.1818138292424336,64.999675001625
554.9,127.63,172.02,0.0,0.0,937.781,399.528,155.37,21.08,13.0,0.2,2.0,110.9,0.27999639524239256,854.55,2.0,0.230005405965029,0.18181499013303495,64.999675001625
477.4,109.8,148.0,0.0,0.0,806.8059999999999,797.2579999999999,133.67,21.96,13.0,0.2,2.0,120.1,0.27999581005447044,735.1999999999999,2.0,0.22999581015920442,0.18181447200514897,64.999675001625
406.9,93.59,126.14,0.0,0.0,687.661,793.4549999999999,113.93,18.72,13.0,0.2,2.0,110.9,0.2799950840992994,626.63,2.0,0.23000737225360687,0.1818138292424336,64.999675001625
554.9,127.63,172.02,0.0,0.0,937.781,482.763,155.37,21.08,13.0,0.2,2.0,105.0,0.27999639524239256,854.55,2.0,0.230005405965029,0.18181499013303495,64.999675001625
477.4,109.8,148.0,0.0,0.0,806.8059999999999,988.2179999999998,133.67,21.96,13.0,0.2,2.0,110.0,0.27999581005447044,735.1999999999999,2.0,0.22999581015920442,0.18181447200514897,64.999675001625
406.9,93.59,126.14,0.0,0.0,687.661,1289.8729999999998,113.93,18.72,13.0,0.2,2.0,105.0,0.2799950840992994,626.63,2.0,0.23000737225360687,0.1818138292424336,64.999675001625
300.0,0.0,0.0,200.0,0.0,894.0,845.0,167.0,4.75,0.0,0.0,0.0,39.6,0.5566666648111112,500.0,0.0,0.0,0.33399999933200003,0.0
300.0,0.0,0.0,200.0,0.0,894.0,845.0,167.0,4.75,30.0,0.6,0.7949044585987262,44.2,0.5566666648111112,500.0,0.7949044585987262,0.0,0.33399999933200003,49.999916666805554
300.0,0.0,0.0,200.0,0.0,894.0,845.0,167.0,4.75,30.0,0.6,1.5898089171974523,32.04,0.5566666648111112,500.0,1.5898089171974523,0.0,0.33399999933200003,49.999916666805554
300.0,0.0,0.0,200.0,0.0,894.0,845.0,167.0,4.75,30.0,0.6,1.9872611464968155,46.25,0.5566666648111112,500.0,1.9872611464968155,0.0,0.33399999933200003,49.999916666805554
300.0,0.0,0.0,200.0,0.0,894.0,845.0,167.0,4.75,30.0,0.6,2.3847133757961783,43.45,0.5566666648111112,500.0,2.3847133757961783,0.0,0.33399999933200003,49.999916666805554
300.0,0.0,0.0,200.0,0.0,894.0,845.0,167.0,4.75,30.0,0.6,2.58343949044586,42.54,0.5566666648111112,500.0,2.58343949044586,0.0,0.33399999933200003,49.999916666805554
300.0,0.0,0.0,200.0,0.0,894.0,845.0,167.0,4.75,30.0,0.6,3.3783439490445857,43.99,0.5566666648111112,500.0,3.3783439490445857,0.0,0.33399999933200003,49.999916666805554
300.0,0.0,0.0,200.0,0.0,894.0,845.0,167.0,4.75,50.0,1.0,0.7949044585987262,44.56,0.5566666648111112,500.0,0.7949044585987262,0.0,0.33399999933200003,49.999950000050006
300.0,0.0,0.0,200.0,0.0,894.0,845.0,167.0,4.75,50.0,1.0,1.5898089171974523,38.86,0.5566666648111112,500.0,1.5898089171974523,0.0,0.33399999933200003,49.999950000050006
300.0,0.0,0.0,200.0,0.0,894.0,845.0,167.0,4.75,50.0,1.0,1.9872611464968155,43.7,0.5566666648111112,500.0,1.9872611464968155,0.0,0.33399999933200003,49.999950000050006
300.0,0.0,0.0,200.0,0.0,894.0,845.0,167.0,4.75,50.0,1.0,2.3847133757961783,41.2,0.5566666648111112,500.0,2.3847133757961783,0.0,0.33399999933200003,49.999950000050006
300.0,0.0,0.0,200.0,0.0,894.0,845.0,167.0,4.75,50.0,1.0,2.58343949044586,38.17,0.5566666648111112,500.0,2.58343949044586,0.0,0.33399999933200003,49.999950000050006
300.0,0.0,0.0,200.0,0.0,894.0,845.0,167.0,4.75,50.0,1.0,2.9808917197452227,39.29,0.5566666648111112,500.0,2.9808917197452227,0.0,0.33399999933200003,49.999950000050006
300.0,0.0,0.0,200.0,0.0,894.0,845.0,167.0,4.75,50.0,1.0,3.3783439490445857,41.84,0.5566666648111112,500.0,3.3783439490445857,0.0,0.33399999933200003,49.999950000050006
300.0,0.0,0.0,200.0,0.0,894.0,845.0,167.0,4.75,30.0,0.5,1.9872611464968155,41.94,0.5566666648111112,500.0,1.9872611464968155,0.0,0.33399999933200003,59.99988000024
300.0,0.0,0.0,200.0,0.0,894.0,845.0,167.0,4.75,30.0,0.5,2.1561783439490445,43.49,0.5566666648111112,500.0,2.1561783439490445,0.0,0.33399999933200003,59.99988000024
300.0,0.0,0.0,200.0,0.0,894.0,845.0,167.0,4.75,30.0,0.5,2.4840764331210194,45.76,0.5566666648111112,500.0,2.4840764331210194,0.0,0.33399999933200003,59.99988000024
300.0,0.0,0.0,200.0,0.0,894.0,845.0,167.0,4.75,60.0,1.0,0.665732484076433,47.12,0.5566666648111112,500.0,0.665732484076433,0.0,0.33399999933200003,59.99994000006001
300.0,0.0,0.0,200.0,0.0,894.0,845.0,167.0,4.75,60.0,1.0,1.6593630573248406,45.26,0.5566666648111112,500.0,1.6593630573248406,0.0,0.33399999933200003,59.99994000006001
300.0,0.0,0.0,200.0,0.0,894.0,845.0,167.0,4.75,60.0,1.0,1.9872611464968155,41.69,0.5566666648111112,500.0,1.9872611464968155,0.0,0.33399999933200003,59.99994000006001
300.0,0.0,0.0,200.0,0.0,894.0,845.0,167.0,4.75,60.0,1.0,2.1561783439490445,45.95,0.5566666648111112,500.0,2.1561783439490445,0.0,0.33399999933200003,59.99994000006001
300.0,0.0,0.0,200.0,0.0,894.0,845.0,167.0,4.75,60.0,1.0,2.4840764331210194,41.97,0.5566666648111112,500.0,2.4840764331210194,0.0,0.33399999933200003,59.99994000006001
300.0,0.0,0.0,200.0,0.0,894.0,845.0,167.0,4.75,60.0,1.0,2.811974522292993,46.81,0.5566666648111112,500.0,2.811974522292993,0.0,0.33399999933200003,59.99994000006001
300.0,0.0,0.0,200.0,0.0,894.0,845.0,167.0,4.75,35.0,0.5,0.5663694267515924,42.77,0.5566666648111112,500.0,0.5663694267515924,0.0,0.33399999933200003,69.99986000028
300.0,0.0,0.0,200.0,0.0,894.0,845.0,167.0,4.75,35.0,0.5,1.1327388535031848,46.33,0.5566666648111112,500.0,1.1327388535031848,0.0,0.33399999933200003,69.99986000028
300.0,0.0,0.0,200.0,0.0,894.0,845.0,167.0,4.75,35.0,0.5,1.4208917197452229,43.33,0.5566666648111112,500.0,1.4208917197452229,0.0,0.33399999933200003,69.99986000028
300.0,0.0,0.0,200.0,0.0,894.0,845.0,167.0,4.75,35.0,0.5,1.699108280254777,44.81,0.5566666648111112,500.0,1.699108280254777,0.0,0.33399999933200003,69.99986000028
300.0,0.0,0.0,200.0,0.0,894.0,845.0,167.0,4.75,35.0,0.5,1.8481528662420383,40.61,0.5566666648111112,500.0,1.8481528662420383,0.0,0.33399999933200003,69.99986000028
300.0,0.0,0.0,200.0,0.0,894.0,845.0,167.0,4.75,35.0,0.5,2.126369426751592,40.31,0.5566666648111112,500.0,2.126369426751592,0.0,0.33399999933200003,69.99986000028
300.0,0.0,0.0,200.0,0.0,894.0,845.0,167.0,4.75,35.0,0.5,2.4145222929936305,49.69,0.5566666648111112,500.0,2.4145222929936305,0.0,0.33399999933200003,69.99986000028
300.0,0.0,0.0,200.0,0.0,894.0,845.0,167.0,4.75,50.0,0.5,0.3974522292993631,40.83,0.5566666648111112,500.0,0.3974522292993631,0.0,0.33399999933200003,99.9998000004
300.0,0.0,0.0,200.0,0.0,894.0,845.0,167.0,4.75,50.0,0.5,0.7949044585987262,42.79,0.5566666648111112,500.0,0.7949044585987262,0.0,0.33399999933200003,99.9998000004
300.0,0.0,0.0,200.0,0.0,894.0,845.0,167.0,4.75,50.0,0.5,0.9936305732484076,43.4,0.5566666648111112,500.0,0.9936305732484076,0.0,0.33399999933200003,99.9998000004
300.0,0.0,0.0,200.0,0.0,894.0,845.0,167.0,4.75,50.0,0.5,1.1923566878980891,43.9,0.5566666648111112,500.0,1.1923566878980891,0.0,0.33399999933200003,99.9998000004
300.0,0.0,0.0,200.0,0.0,894.0,845.0,167.0,4.75,50.0,0.5,1.29171974522293,43.74,0.5566666648111112,500.0,1.29171974522293,0.0,0.33399999933200003,99.9998000004
340.0,0.0,0.0,0.0,0.0,626.0,1216.0,170.0,0.0,0.0,0.0,0.0,51.6,0.4999999985294118,340.0,0.0,0.0,0.4999999985294118,0.0
340.0,0.0,0.0,0.0,0.0,626.0,1210.0,170.0,0.0,35.0,0.5,0.2484076433121019,48.4,0.4999999985294118,340.0,0.2484076433121019,0.0,0.4999999985294118,69.99986000028
340.0,0.0,0.0,0.0,0.0,626.0,1203.0,170.0,0.0,35.0,0.5,0.4968152866242038,50.5,0.4999999985294118,340.0,0.4968152866242038,0.0,0.4999999985294118,69.99986000028
340.0,0.0,0.0,0.0,0.0,626.0,1196.0,170.0,0.0,35.0,0.5,0.9936305732484076,49.6,0.4999999985294118,340.0,0.9936305732484076,0.0,0.4999999985294118,69.99986000028
340.0,0.0,0.0,0.0,0.0,602.0,1222.0,163.0,0.43,0.0,0.0,0.0,52.8,0.4794117632958478,340.0,0.0,0.0,0.4794117632958478,0.0
340.0,0.0,0.0,0.0,0.0,602.0,1216.0,163.0,0.33,35.0,0.5,0.2484076433121019,50.3,0.4794117632958478,340.0,0.2484076433121019,0.0,0.4794117632958478,69.99986000028
340.0,0.0,0.0,0.0,0.0,604.0,1226.0,158.0,0.43,35.0,0.5,0.4968152866242038,52.5,0.46470588098615917,340.0,0.4968152866242038,0.0,0.46470588098615917,69.99986000028
340.0,0.0,0.0,0.0,0.0,604.0,1220.0,158.0,0.43,35.0,0.5,0.9936305732484076,53.0,0.46470588098615917,340.0,0.9936305732484076,0.0,0.46470588098615917,69.99986000028
340.0,0.0,0.0,0.0,0.0,593.0,1232.0,146.0,0.76,0.0,0.0,0.0,46.8,0.4294117634429066,340.0,0.0,0.0,0.4294117634429066,0.0
340.0,0.0,0.0,0.0,0.0,593.0,1226.0,146.0,0.76,35.0,0.5,0.2484076433121019,49.5,0.4294117634429066,340.0,0.2484076433121019,0.0,0.4294117634429066,69.99986000028
340.0,0.0,0.0,0.0,0.0,593.0,1219.0,146.0,0.76,35.0,0.5,0.4968152866242038,48.8,0.4294117634429066,340.0,0.4968152866242038,0.0,0.4294117634429066,69.99986000028
340.0,0.0,0.0,0.0,0.0,593.0,1212.0,146.0,0.76,35.0,0.5,0.9936305732484076,50.1,0.4294117634429066,340.0,0.9936305732484076,0.0,0.4294117634429066,69.99986000028
400.0,0.0,0.0,0.0,0.0,756.0,1135.0,140.0,4.0,0.0,0.0,0.0,77.1,0.349999999125,400.0,0.0,0.0,0.349999999125,0.0
400.0,0.0,0.0,0.0,0.0,754.0,1131.0,140.0,4.0,35.0,0.546875,0.2500636942675159,79.4,0.349999999125,400.0,0.2500636942675159,0.0,0.349999999125,63.99988297164256
400.0,0.0,0.0,0.0,0.0,751.0,1127.0,140.0,4.0,35.0,0.546875,0.5,78.2,0.349999999125,400.0,0.5,0.0,0.349999999125,63.99988297164256
400.0,0.0,0.0,0.0,0.0,746.0,1119.0,140.0,4.0,35.0,0.546875,1.0,80.5,0.349999999125,400.0,1.0,0.0,0.349999999125,63.99988297164256
400.0,0.0,0.0,0.0,0.0,740.0,1111.0,140.0,4.0,35.0,0.546875,1.5,81.0,0.349999999125,400.0,1.5,0.0,0.349999999125,63.99988297164256
340.0,0.0,60.0,0.0,0.0,750.0,1124.0,140.0,4.0,0.0,0.0,0.0,67.8,0.4117647046712803,400.0,0.0,0.0,0.349999999125,0.0
340.0,0.0,60.0,0.0,0.0,747.0,1120.0,140.0,4.0,35.0,0.546875,0.2500636942675159,69.4,0.4117647046712803,400.0,0.2500636942675159,0.0,0.349999999125,63.99988297164256
340.0,0.0,60.0,0.0,0.0,744.0,1116.0,140.0,4.0,35.0,0.546875,0.5,68.3,0.4117647046712803,400.0,0.5,0.0,0.349999999125,63.99988297164256
340.0,0.0,60.0,0.0,0.0,739.0,1108.0,140.0,4.0,35.0,0.546875,1.0,71.7,0.4117647046712803,400.0,1.0,0.0,0.349999999125,63.99988297164256
340.0,0.0,60.0,0.0,0.0,734.0,1100.0,140.0,4.0,35.0,0.546875,1.5,72.7,0.4117647046712803,400.0,1.5,0.0,0.349999999125,63.99988297164256
280.0,0.0,120.0,0.0,0.0,742.0,1114.0,140.0,4.0,0.0,0.0,0.0,63.6,0.4999999982142857,400.0,0.0,0.0,0.349999999125,0.0
280.0,0.0,120.0,0.0,0.0,740.0,1109.0,140.0,4.0,35.0,0.546875,0.2500636942675159,80.4,0.4999999982142857,400.0,0.2500636942675159,0.0,0.349999999125,63.99988297164256
280.0,0.0,120.0,0.0,0.0,737.0,1106.0,140.0,4.0,35.0,0.546875,0.5,81.5,0.4999999982142857,400.0,0.5,0.0,0.349999999125,63.99988297164256
280.0,0.0,120.0,0.0,0.0,732.0,1097.0,140.0,4.0,35.0,0.546875,1.0,79.6,0.4999999982142857,400.0,1.0,0.0,0.349999999125,63.99988297164256
280.0,0.0,120.0,0.0,0.0,726.0,1090.0,140.0,4.0,35.0,0.546875,1.5,78.5,0.4999999982142857,400.0,1.5,0.0,0.349999999125,63.99988297164256
420.0,0.0,0.0,0.0,0.0,811.0,1006.0,172.0,0.0,0.0,0.0,0.0,42.3,0.40952380854875287,420.0,0.0,0.0,0.40952380854875287,0.0
420.0,0.0,0.0,0.0,0.0,811.0,1006.0,172.0,2.1,60.0,0.8,0.4777070063694267,42.7,0.40952380854875287,420.0,0.4777070063694267,0.0,0.40952380854875287,74.99990625011718
420.0,0.0,0.0,0.0,0.0,811.0,1006.0,172.0,2.52,60.0,0.8,0.7165605095541402,38.1,0.40952380854875287,420.0,0.7165605095541402,0.0,0.40952380854875287,74.99990625011718
420.0,0.0,0.0,0.0,0.0,811.0,1006.0,172.0,2.52,60.0,0.8,0.9554140127388536,35.1,0.40952380854875287,420.0,0.9554140127388536,0.0,0.40952380854875287,74.99990625011718
420.0,0.0,0.0,0.0,0.0,811.0,1006.0,172.0,2.94,60.0,0.8,1.4331210191082804,33.7,0.40952380854875287,420.0,1.4331210191082804,0.0,0.40952380854875287,74.99990625011718
522.0,0.0,58.0,0.0,0.0,688.0,964.0,175.0,0.0,0.0,0.0,0.0,61.8,0.33524904150335433,580.0,0.0,0.0,0.30172413741082044,0.0
522.0,0.0,58.0,0.0,0.0,688.0,964.0,175.0,2.61,60.0,0.8,0.4777070063694267,61.1,0.33524904150335433,580.0,0.4777070063694267,0.0,0.30172413741082044,74.99990625011718
522.0,0.0,58.0,0.0,0.0,688.0,964.0,175.0,3.132,60.0,0.8,0.7165605095541402,61.9,0.33524904150335433,580.0,0.7165605095541402,0.0,0.30172413741082044,74.99990625011718
522.0,0.0,58.0,0.0,0.0,688.0,964.0,175.0,3.132,60.0,0.8,0.9554140127388536,53.9,0.33524904150335433,580.0,0.9554140127388536,0.0,0.30172413741082044,74.99990625011718
522.0,0.0,58.0,0.0,0.0,688.0,964.0,175.0,3.654,60.0,0.8,1.4331210191082804,61.6,0.33524904150335433,580.0,1.4331210191082804,0.0,0.30172413741082044,74.99990625011718
560.0,70.0,70.0,0.0,0.0,578.0,958.0,168.0,0.0,0.0,0.0,0.0,65.9,0.29999999946428574,700.0,0.0,0.12499999977678572,0.23999999965714286,0.0
560.0,70.0,70.0,0.0,0.0,578.0,958.0,168.0,2.8000000000000003,60.0,0.8,0.4777070063694267,72.4,0.29999999946428574,700.0,0.4777070063694267,0.12499999977678572,0.23999999965714286,74.99990625011718
560.0,70.0,70.0,0.0,0.0,578.0,958.0,168.0,3.36,60.0,0.8,0.7165605095541402,72.8,0.29999999946428574,700.0,0.7165605095541402,0.12499999977678572,0.23999999965714286,74.99990625011718
560.0,70.0,70.0,0.0,0.0,578.0,958.0,168.0,3.36,60.0,0.8,0.9554140127388536,72.4,0.29999999946428574,700.0,0.9554140127388536,0.12499999977678572,0.23999999965714286,74.99990625011718
560.0,70.0,70.0,0.0,0.0,578.0,958.0,168.0,3.92,60.0,0.8,1.4331210191082804,62.9,0.29999999946428574,700.0,1.4331210191082804,0.12499999977678572,0.23999999965714286,74.99990625011718
355.5,0.0,0.0,0.0,0.0,632.79,1318.905,195.525,0.0,0.0,0.0,0.0,22.82,0.5499999984528833,355.5,0.0,0.0,0.5499999984528833,0.0
355.5,0.0,0.0,0.0,0.0,632.79,1318.905,195.525,0.0,18.3,1.22,0.25,24.29,0.5499999984528833,355.5,0.25,0.0,0.5499999984528833,14.999987704928113
355.5,0.0,0.0,0.0,0.0,632.79,1318.905,195.525,0.0,18.3,1.22,0.5,26.11,0.5499999984528833,355.5,0.5,0.0,0.5499999984528833,14.999987704928113
355.5,0.0,0.0,0.0,0.0,632.79,1318.905,195.525,0.0,18.3,1.22,0.75,25.05,0.5499999984528833,355.5,0.75,0.0,0.5499999984528833,14.999987704928113
355.5,0.0,0.0,0.0,0.0,632.79,1318.905,195.525,0.0,30.5,1.22,0.25,24.16,0.5499999984528833,355.5,0.25,0.0,0.5499999984528833,24.99997950821352
355.5,0.0,0.0,0.0,0.0,632.79,1318.905,195.525,0.0,30.5,1.22,0.5,30.34,0.5499999984528833,355.5,0.5,0.0,0.5499999984528833,24.99997950821352
355.5,0.0,0.0,0.0,0.0,632.79,1318.905,195.525,0.0,30.5,1.22,0.75,27.21,0.5499999984528833,355.5,0.75,0.0,0.5499999984528833,24.99997950821352
355.5,0.0,0.0,0.0,0.0,632.79,1318.905,195.525,0.0,42.7,1.22,0.25,25.82,0.5499999984528833,355.5,0.25,0.0,0.5499999984528833,34.99997131149893
355.5,0.0,0.0,0.0,0.0,632.79,1318.905,195.525,0.0,42.7,1.22,0.5,27.21,0.5499999984528833,355.5,0.5,0.0,0.5499999984528833,34.99997131149893
355.5,0.0,0.0,0.0,0.0,632.79,1318.905,195.525,0.0,42.7,1.22,0.75,26.24,0.5499999984528833,355.5,0.75,0.0,0.5499999984528833,34.99997131149893
400.0,0.0,0.0,0.0,0.0,756.0,1135.0,140.0,4.0,0.0,0.0,0.0,77.1,0.349999999125,400.0,0.0,0.0,0.349999999125,0.0
400.0,0.0,0.0,0.0,0.0,751.0,1127.0,140.0,4.0,35.0,0.55,0.5,78.2,0.349999999125,400.0,0.5,0.0,0.349999999125,63.636247934094655
400.0,0.0,0.0,0.0,0.0,746.0,1119.0,140.0,4.0,35.0,0.55,1.0,80.5,0.349999999125,400.0,1.0,0.0,0.349999999125,63.636247934094655
400.0,0.0,0.0,0.0,0.0,740.0,1111.0,140.0,4.0,35.0,0.55,1.5,81.0,0.349999999125,400.0,1.5,0.0,0.349999999125,63.636247934094655
340.0,0.0,60.0,0.0,0.0,750.0,1124.0,140.0,4.0,0.0,0.0,0.0,67.8,0.4117647046712803,400.0,0.0,0.0,0.349999999125,0.0
340.0,0.0,60.0,0.0,0.0,744.0,1116.0,140.0,4.0,35.0,0.55,0.5,68.3,0.4117647046712803,400.0,0.5,0.0,0.349999999125,63.636247934094655
340.0,0.0,60.0,0.0,0.0,739.0,1108.0,140.0,4.0,35.0,0.55,1.0,71.7,0.4117647046712803,400.0,1.0,0.0,0.349999999125,63.636247934094655
340.0,0.0,60.0,0.0,0.0,734.0,1100.0,140.0,4.0,35.0,0.55,1.5,72.7,0.4117647046712803,400.0,1.5,0.0,0.349999999125,63.636247934094655
280.0,0.0,120.0,0.0,0.0,742.0,1114.0,140.0,4.0,0.0,0.0,0.0,63.6,0.4999999982142857,400.0,0.0,0.0,0.349999999125,0.0
280.0,0.0,120.0,0.0,0.0,737.0,1106.0,140.0,4.0,35.0,0.55,0.5,64.4,0.4999999982142857,400.0,0.5,0.0,0.349999999125,63.636247934094655
280.0,0.0,120.0,0.0,0.0,732.0,1097.0,140.0,4.0,35.0,0.55,1.0,65.0,0.4999999982142857,400.0,1.0,0.0,0.349999999125,63.636247934094655
280.0,0.0,120.0,0.0,0.0,726.0,1090.0,140.0,4.0,35.0,0.55,1.5,60.7,0.4999999982142857,400.0,1.5,0.0,0.349999999125,63.636247934094655
455.0,0.0,0.0,0.0,0.0,803.0,803.0,227.0,1.82,0.0,0.0,0.0,39.9,0.49890109780461295,455.0,0.0,0.0,0.49890109780461295,0.0
455.0,0.0,0.0,0.0,0.0,803.0,803.0,227.0,1.82,40.0,0.6153846153846154,0.5,38.2,0.49890109780461295,455.0,0.5,0.0,0.49890109780461295,64.99989437517164
455.0,0.0,0.0,0.0,0.0,803.0,803.0,227.0,1.82,40.0,0.6153846153846154,1.0,47.4,0.49890109780461295,455.0,1.0,0.0,0.49890109780461295,64.99989437517164
455.0,0.0,0.0,0.0,0.0,803.0,803.0,227.0,1.82,40.0,0.6153846153846154,1.5,38.5,0.49890109780461295,455.0,1.5,0.0,0.49890109780461295,64.99989437517164
455.0,0.0,0.0,0.0,0.0,803.0,803.0,227.0,1.82,60.0,0.75,0.5,40.5,0.49890109780461295,455.0,0.5,0.0,0.49890109780461295,79.99989333347555
455.0,0.0,0.0,0.0,0.0,803.0,803.0,227.0,1.82,60.0,0.75,1.0,41.1,0.49890109780461295,455.0,1.0,0.0,0.49890109780461295,79.99989333347555
455.0,0.0,0.0,0.0,0.0,803.0,803.0,227.0,1.82,60.0,0.75,1.5,43.6,0.49890109780461295,455.0,1.5,0.0,0.49890109780461295,79.99989333347555
581.0,0.0,0.0,0.0,0.0,803.0,803.0,250.0,2.324,0.0,0.0,0.0,55.5,0.43029259822669086,581.0,0.0,0.0,0.43029259822669086,0.0
581.0,0.0,0.0,0.0,0.0,740.0,740.0,250.0,2.324,40.0,0.6153846153846154,0.5,52.9,0.43029259822669086,581.0,0.5,0.0,0.43029259822669086,64.99989437517164
581.0,0.0,0.0,0.0,0.0,740.0,740.0,250.0,2.324,40.0,0.6153846153846154,1.0,55.3,0.43029259822669086,581.0,1.0,0.0,0.43029259822669086,64.99989437517164
581.0,0.0,0.0,0.0,0.0,740.0,740.0,250.0,2.324,40.0,0.6153846153846154,1.5,58.2,0.43029259822669086,581.0,1.5,0.0,0.43029259822669086,64.99989437517164
581.0,0.0,0.0,0.0,0.0,740.0,740.0,250.0,2.324,60.0,0.75,0.5,52.5,0.43029259822669086,581.0,0.5,0.0,0.43029259822669086,79.99989333347555
581.0,0.0,0.0,0.0,0.0,740.0,740.0,250.0,2.324,60.0,0.75,1.0,52.0,0.43029259822669086,581.0,1.0,0.0,0.43029259822669086,79.99989333347555
581.0,0.0,0.0,0.0,0.0,740.0,740.0,250.0,2.324,60.0,0.75,1.5,50.4,0.43029259822669086,581.0,1.5,0.0,0.43029259822669086,79.99989333347555
357.0,0.0,0.0,0.0,0.0,789.0,1146.0,185.6,4.5,30.0,0.6666666666666666,0.3821656050955414,36.12,0.519887953725804,357.0,0.3821656050955414,0.0,0.519887953725804,44.99993250010125
357.0,0.0,0.0,0.0,0.0,789.0,1146.0,185.6,6.75,30.0,0.6666666666666666,0.5732484076433121,39.39,0.519887953725804,357.0,0.5732484076433121,0.0,0.519887953725804,44.99993250010125
357.0,0.0,0.0,0.0,0.0,789.0,1146.0,185.6,13.5,30.0,0.6666666666666666,0.7643312101910829,42.75,0.519887953725804,357.0,0.7643312101910829,0.0,0.519887953725804,44.99993250010125
357.0,0.0,0.0,0.0,0.0,789.0,1146.0,185.6,4.5,60.0,0.75,0.1273885350318471,35.81,0.519887953725804,357.0,0.1273885350318471,0.0,0.519887953725804,79.99989333347555
357.0,0.0,0.0,0.0,0.0,789.0,1146.0,185.6,6.75,60.0,0.75,0.3821656050955414,36.0,0.519887953725804,357.0,0.3821656050955414,0.0,0.519887953725804,79.99989333347555
357.0,0.0,0.0,0.0,0.0,789.0,1146.0,185.6,9.0,60.0,0.75,0.5732484076433121,34.71,0.519887953725804,357.0,0.5732484076433121,0.0,0.519887953725804,79.99989333347555
357.0,0.0,0.0,0.0,0.0,789.0,1146.0,185.6,1.5,60.0,0.9230769230769232,0.1273885350318471,32.99,0.519887953725804,357.0,0.1273885350318471,0.0,0.519887953725804,64.99992958340961
357.0,0.0,0.0,0.0,0.0,789.0,1146.0,185.6,6.75,60.0,0.9230769230769232,0.3821656050955414,32.99,0.519887953725804,357.0,0.3821656050955414,0.0,0.519887953725804,64.99992958340961
357.0,0.0,0.0,0.0,0.0,789.0,1146.0,185.6,9.0,60.0,0.9230769230769232,0.5732484076433121,34.05,0.519887953725804,357.0,0.5732484076433121,0.0,0.519887953725804,64.99992958340961
357.0,0.0,0.0,0.0,0.0,789.0,1146.0,185.6,0.75,50.0,1.1111111111111112,0.3821656050955414,42.23,0.519887953725804,357.0,0.3821656050955414,0.0,0.519887953725804,44.999959500036454
357.0,0.0,0.0,0.0,0.0,789.0,1146.0,185.6,6.75,50.0,1.1111111111111112,0.5732484076433121,35.51,0.519887953725804,357.0,0.5732484076433121,0.0,0.519887953725804,44.999959500036454
357.0,0.0,0.0,0.0,0.0,789.0,1146.0,185.6,9.0,50.0,1.1111111111111112,0.7643312101910829,43.61,0.519887953725804,357.0,0.7643312101910829,0.0,0.519887953725804,44.999959500036454
357.0,0.0,0.0,0.0,0.0,789.0,1146.0,185.6,0.0,0.0,0.0,0.0,35.29,0.519887953725804,357.0,0.0,0.0,0.519887953725804,0.0
343.0,0.0,0.0,0.0,0.0,857.77,1063.64,188.71,0.0,60.0,0.9230769230769232,0.2547770700636942,42.33,0.5501749255096942,343.0,0.2547770700636942,0.0,0.5501749255096942,64.99992958340961
343.0,0.0,0.0,0.0,0.0,857.77,1063.64,188.71,0.0,60.0,0.9230769230769232,0.3566878980891719,40.32,0.5501749255096942,343.0,0.3566878980891719,0.0,0.5501749255096942,64.99992958340961
343.0,0.0,0.0,0.0,0.0,857.77,1063.64,188.71,0.0,60.0,0.9230769230769232,0.5859872611464968,40.4,0.5501749255096942,343.0,0.5859872611464968,0.0,0.5501749255096942,64.99992958340961
343.0,0.0,0.0,0.0,0.0,857.77,1063.64,188.71,0.0,59.55,0.744375,0.2547770700636942,40.04,0.5501749255096942,343.0,0.2547770700636942,0.0,0.5501749255096942,79.99989252743237
343.0,0.0,0.0,0.0,0.0,857.77,1063.64,188.71,0.0,59.55,0.744375,0.3566878980891719,39.81,0.5501749255096942,343.0,0.3566878980891719,0.0,0.5501749255096942,79.99989252743237
343.0,0.0,0.0,0.0,0.0,857.77,1063.64,188.71,0.0,59.55,0.744375,0.5859872611464968,42.4,0.5501749255096942,343.0,0.5859872611464968,0.0,0.5501749255096942,79.99989252743237
343.0,0.0,0.0,0.0,0.0,857.77,1063.64,188.71,0.0,0.0,0.0,0.0,40.67,0.5501749255096942,343.0,0.0,0.0,0.5501749255096942,0.0
421.0,0.0,0.0,0.0,0.0,711.0,1006.0,207.0,0.0,0.0,0.0,0.0,28.3,0.49168645963969965,421.0,0.0,0.0,0.49168645963969965,0.0
421.0,0.0,0.0,0.0,0.0,711.0,1006.0,207.0,0.0,34.0,0.68,0.9936305732484076,29.5,0.49168645963969965,421.0,0.9936305732484076,0.0,0.49168645963969965,49.99992647069636
421.0,0.0,0.0,0.0,0.0,711.0,1006.0,207.0,0.0,34.0,0.68,1.4904458598726114,33.5,0.49168645963969965,421.0,1.4904458598726114,0.0,0.49168645963969965,49.99992647069636
421.0,0.0,0.0,0.0,0.0,711.0,1006.0,207.0,0.0,34.0,0.68,1.9872611464968155,30.6,0.49168645963969965,421.0,1.9872611464968155,0.0,0.49168645963969965,49.99992647069636
421.0,0.0,0.0,0.0,0.0,711.0,1006.0,207.0,0.0,34.0,0.68,2.4840764331210194,29.2,0.49168645963969965,421.0,2.4840764331210194,0.0,0.49168645963969965,49.99992647069636
421.0,0.0,0.0,0.0,0.0,711.0,1006.0,207.0,0.0,47.6,0.68,0.9936305732484076,29.2,0.49168645963969965,421.0,0.9936305732484076,0.0,0.49168645963969965,69.99989705897491
421.0,0.0,0.0,0.0,0.0,711.0,1006.0,207.0,0.0,47.6,0.68,1.4904458598726114,35.2,0.49168645963969965,421.0,1.4904458598726114,0.0,0.49168645963969965,69.99989705897491
421.0,0.0,0.0,0.0,0.0,711.0,1006.0,207.0,0.0,47.6,0.68,1.9872611464968155,32.6,0.49168645963969965,421.0,1.9872611464968155,0.0,0.49168645963969965,69.99989705897491
421.0,0.0,0.0,0.0,0.0,711.0,1006.0,207.0,0.0,47.6,0.68,2.4840764331210194,31.6,0.49168645963969965,421.0,2.4840764331210194,0.0,0.49168645963969965,69.99989705897491
381.0,0.0,0.0,0.0,0.0,785.0,1120.0,183.0,1.905,0.0,0.0,0.0,26.9,0.48031495936925206,381.0,0.0,0.0,0.48031495936925206,0.0
381.0,0.0,0.0,0.0,0.0,785.0,1120.0,183.0,1.905,50.0,0.7499625018749062,0.445859872611465,22.5,0.48031495936925206,381.0,0.445859872611465,0.0,0.48031495936925206,66.66991110234054
381.0,0.0,0.0,0.0,0.0,785.0,1120.0,183.0,1.905,50.0,0.7499625018749062,0.5732484076433121,29.6,0.48031495936925206,381.0,0.5732484076433121,0.0,0.48031495936925206,66.66991110234054
381.0,0.0,0.0,0.0,0.0,785.0,1120.0,183.0,1.905,50.0,0.7499625018749062,0.0,28.4,0.48031495936925206,381.0,0.0,0.0,0.48031495936925206,66.66991110234054
381.0,0.0,0.0,0.0,0.0,785.0,1120.0,183.0,1.905,50.0,0.7499625018749062,0.2547770700636942,28.9,0.48031495936925206,381.0,0.2547770700636942,0.0,0.48031495936925206,66.66991110234054
381.0,0.0,0.0,0.0,0.0,785.0,1120.0,183.0,1.905,50.0,0.7499625018749062,0.3821656050955414,34.9,0.48031495936925206,381.0,0.3821656050955414,0.0,0.48031495936925206,66.66991110234054
381.0,0.0,0.0,0.0,0.0,785.0,1120.0,183.0,1.905,50.0,0.7499625018749062,0.5095541401273885,36.9,0.48031495936925206,381.0,0.5095541401273885,0.0,0.48031495936925206,66.66991110234054
407.0,0.0,0.0,0.0,0.0,814.0,1221.0,183.15,0.0,0.0,0.0,0.0,21.0,0.44999999889434894,407.0,0.0,0.0,0.44999999889434894,0.0
407.0,0.0,0.0,0.0,0.0,814.0,1221.0,183.15,0.0,25.0,0.53,0.5,21.6,0.44999999889434894,407.0,0.5,0.0,0.44999999889434894,47.169722321278634
407.0,0.0,0.0,0.0,0.0,814.0,1221.0,183.15,0.0,25.0,0.53,1.0,22.9,0.44999999889434894,407.0,1.0,0.0,0.44999999889434894,47.169722321278634
407.0,0.0,0.0,0.0,0.0,814.0,1221.0,183.15,0.0,25.0,0.53,1.5,22.9,0.44999999889434894,407.0,1.5,0.0,0.44999999889434894,47.169722321278634
533.33,0.0,0.0,0.0,0.0,685.24,734.42,176.0,3.2,0.0,0.0,0.0,16.0,0.33000206189413295,533.33,0.0,0.0,0.33000206189413295,0.0
533.33,0.0,0.0,0.0,0.0,685.24,734.42,176.0,3.2,30.0,0.8799999999999999,0.4968152866242038,16.5,0.33000206189413295,533.33,0.4968152866242038,0.0,0.33000206189413295,34.0908703512837
533.33,0.0,0.0,0.0,0.0,685.24,734.42,176.0,3.2,30.0,0.8799999999999999,0.9936305732484076,15.0,0.33000206189413295,533.33,0.9936305732484076,0.0,0.33000206189413295,34.0908703512837
522.73,0.0,0.0,0.0,0.0,705.6855,1108.1876000000002,182.9555,0.0,0.0,0.0,0.0,57.82,0.3499999993304383,522.73,0.0,0.0,0.3499999993304383,0.0
522.73,0.0,0.0,0.0,0.0,705.6855,1108.1876000000002,182.9555,0.0,50.0,1.24,0.9936305732484076,59.8,0.3499999993304383,522.73,0.9936305732484076,0.0,0.3499999993304383,40.32254812697732
522.73,0.0,0.0,0.0,0.0,705.6855,1108.1876000000002,182.9555,0.0,25.0,1.24,0.9936305732484076,69.83,0.3499999993304383,522.73,0.9936305732484076,0.0,0.3499999993304383,20.16127406348866
522.73,0.0,0.0,0.0,0.0,705.6855,1108.1876000000002,182.9555,0.0,50.0,1.24,1.4904458598726114,63.98,0.3499999993304383,522.73,1.4904458598726114,0.0,0.3499999993304383,40.32254812697732
522.73,0.0,0.0,0.0,0.0,705.6855,1108.1876000000002,182.9555,0.0,25.0,1.24,1.4904458598726114,72.13,0.3499999993304383,522.73,1.4904458598726114,0.0,0.3499999993304383,20.16127406348866
522.73,0.0,0.0,0.0,0.0,705.6855,1108.1876000000002,182.9555,0.0,50.0,1.24,1.9872611464968155,62.06,0.3499999993304383,522.73,1.9872611464968155,0.0,0.3499999993304383,40.32254812697732
522.73,0.0,0.0,0.0,0.0,705.6855,1108.1876000000002,182.9555,0.0,25.0,1.24,1.9872611464968155,72.82,0.3499999993304383,522.73,1.9872611464968155,0.0,0.3499999993304383,20.16127406348866
400.0,0.0,0.0,0.0,0.0,750.0,1058.0,180.0,4.0,0.0,0.0,0.0,49.8,0.44999999887500003,400.0,0.0,0.0,0.44999999887500003,0.0
400.0,0.0,0.0,0.0,0.0,750.0,1045.0,180.0,6.0,50.0,0.79,0.4968152866242038,53.8,0.44999999887500003,400.0,0.4968152866242038,0.0,0.44999999887500003,63.29105912524161
400.0,0.0,0.0,0.0,0.0,750.0,1031.7,180.0,8.0,50.0,0.79,0.9936305732484076,56.4,0.44999999887500003,400.0,0.9936305732484076,0.0,0.44999999887500003,63.29105912524161
400.0,0.0,0.0,0.0,0.0,750.0,1017.8,180.0,10.0,50.0,0.79,1.4904458598726114,59.7,0.44999999887500003,400.0,1.4904458598726114,0.0,0.44999999887500003,63.29105912524161
270.0,0.0,0.0,0.0,0.0,1062.0,855.0,185.0,3.5,0.0,0.0,0.0,29.4,0.6851851826474623,270.0,0.0,0.0,0.6851851826474623,0.0
270.0,0.0,0.0,0.0,0.0,1057.0,850.0,185.0,3.5,30.0,0.62,0.1273885350318471,30.6,0.6851851826474623,270.0,0.1273885350318471,0.0,0.6851851826474623,48.38701873061495
270.0,0.0,0.0,0.0,0.0,1051.0,846.0,185.0,3.5,30.0,0.62,0.2547770700636942,31.1,0.6851851826474623,270.0,0.2547770700636942,0.0,0.6851851826474623,48.38701873061495
270.0,0.0,0.0,0.0,0.0,1046.0,841.0,185.0,3.5,30.0,0.62,0.3821656050955414,31.5,0.6851851826474623,270.0,0.3821656050955414,0.0,0.6851851826474623,48.38701873061495
270.0,0.0,0.0,0.0,0.0,1040.0,837.0,185.0,3.5,30.0,0.62,0.5095541401273885,31.9,0.6851851826474623,270.0,0.5095541401273885,0.0,0.6851851826474623,48.38701873061495
270.0,0.0,0.0,0.0,0.0,1029.0,828.0,185.0,3.5,30.0,0.62,0.7643312101910829,33.2,0.6851851826474623,270.0,0.7643312101910829,0.0,0.6851851826474623,48.38701873061495
270.0,0.0,0.0,0.0,0.0,1018.0,819.0,185.0,3.5,30.0,0.62,1.019108280254777,33.5,0.6851851826474623,270.0,1.019108280254777,0.0,0.6851851826474623,48.38701873061495
270.0,0.0,0.0,0.0,0.0,1057.0,850.0,185.0,3.5,60.0,0.75,0.1273885350318471,31.1,0.6851851826474623,270.0,0.1273885350318471,0.0,0.6851851826474623,79.99989333347555
270.0,0.0,0.0,0.0,0.0,1051.0,846.0,185.0,3.5,60.0,0.75,0.2547770700636942,31.6,0.6851851826474623,270.0,0.2547770700636942,0.0,0.6851851826474623,79.99989333347555
270.0,0.0,0.0,0.0,0.0,1046.0,841.0,185.0,3.5,60.0,0.75,0.3821656050955414,32.4,0.6851851826474623,270.0,0.3821656050955414,0.0,0.6851851826474623,79.99989333347555
270.0,0.0,0.0,0.0,0.0,1040.0,837.0,185.0,3.5,60.0,0.75,0.5095541401273885,32.9,0.6851851826474623,270.0,0.5095541401273885,0.0,0.6851851826474623,79.99989333347555
270.0,0.0,0.0,0.0,0.0,1029.0,828.0,185.0,3.5,60.0,0.75,0.7643312101910829,34.1,0.6851851826474623,270.0,0.7643312101910829,0.0,0.6851851826474623,79.99989333347555
270.0,0.0,0.0,0.0,0.0,1018.0,819.0,185.0,3.5,60.0,0.75,1.019108280254777,34.7,0.6851851826474623,270.0,1.019108280254777,0.0,0.6851851826474623,79.99989333347555
500.0,0.0,0.0,0.0,0.0,770.0,908.0,205.0,7.0,0.0,0.0,0.0,49.9,0.40999999918,500.0,0.0,0.0,0.40999999918,0.0
500.0,0.0,0.0,0.0,0.0,766.0,902.0,205.0,7.0,30.0,0.62,0.1273885350318471,50.8,0.40999999918,500.0,0.1273885350318471,0.0,0.40999999918,48.38701873061495
500.0,0.0,0.0,0.0,0.0,761.0,898.0,205.0,7.0,30.0,0.62,0.2547770700636942,51.8,0.40999999918,500.0,0.2547770700636942,0.0,0.40999999918,48.38701873061495
500.0,0.0,0.0,0.0,0.0,756.0,892.0,205.0,7.0,30.0,0.62,0.3821656050955414,52.2,0.40999999918,500.0,0.3821656050955414,0.0,0.40999999918,48.38701873061495
500.0,0.0,0.0,0.0,0.0,752.0,886.0,205.0,7.0,30.0,0.62,0.5095541401273885,53.2,0.40999999918,500.0,0.5095541401273885,0.0,0.40999999918,48.38701873061495
500.0,0.0,0.0,0.0,0.0,743.0,876.0,205.0,7.0,30.0,0.62,0.7643312101910829,54.2,0.40999999918,500.0,0.7643312101910829,0.0,0.40999999918,48.38701873061495
500.0,0.0,0.0,0.0,0.0,733.0,864.0,205.0,7.0,30.0,0.62,1.019108280254777,55.5,0.40999999918,500.0,1.019108280254777,0.0,0.40999999918,48.38701873061495
500.0,0.0,0.0,0.0,0.0,766.0,902.0,205.0,7.0,60.0,0.75,0.1273885350318471,52.4,0.40999999918,500.0,0.1273885350318471,0.0,0.40999999918,79.99989333347555
500.0,0.0,0.0,0.0,0.0,761.0,898.0,205.0,7.0,60.0,0.75,0.2547770700636942,52.7,0.40999999918,500.0,0.2547770700636942,0.0,0.40999999918,79.99989333347555
500.0,0.0,0.0,0.0,0.0,756.0,892.0,205.0,7.0,60.0,0.75,0.3821656050955414,53.9,0.40999999918,500.0,0.3821656050955414,0.0,0.40999999918,79.99989333347555
500.0,0.0,0.0,0.0,0.0,752.0,886.0,205.0,7.0,60.0,0.75,0.5095541401273885,55.0,0.40999999918,500.0,0.5095541401273885,0.0,0.40999999918,79.99989333347555
500.0,0.0,0.0,0.0,0.0,743.0,876.0,205.0,7.0,60.0,0.75,0.7643312101910829,56.1,0.40999999918,500.0,0.7643312101910829,0.0,0.40999999918,79.99989333347555
500.0,0.0,0.0,0.0,0.0,733.0,864.0,205.0,7.0,60.0,0.75,1.019108280254777,56.9,0.40999999918,500.0,1.019108280254777,0.0,0.40999999918,79.99989333347555
471.0,52.0,0.0,0.0,0.0,785.0,960.0,143.0,8.75,0.0,0.0,0.0,75.4,0.3036093411812965,523.0,0.0,0.11040339679319873,0.27342256161869494,0.0
471.0,52.0,0.0,0.0,0.0,781.0,954.0,143.0,8.75,30.0,0.62,0.1273885350318471,76.5,0.3036093411812965,523.0,0.1273885350318471,0.11040339679319873,0.27342256161869494,48.38701873061495
471.0,52.0,0.0,0.0,0.0,776.0,950.0,143.0,8.75,30.0,0.62,0.2547770700636942,77.4,0.3036093411812965,523.0,0.2547770700636942,0.11040339679319873,0.27342256161869494,48.38701873061495
471.0,52.0,0.0,0.0,0.0,772.0,944.0,143.0,8.75,30.0,0.62,0.3821656050955414,78.7,0.3036093411812965,523.0,0.3821656050955414,0.11040339679319873,0.27342256161869494,48.38701873061495
471.0,52.0,0.0,0.0,0.0,768.0,938.0,143.0,8.75,30.0,0.62,0.5095541401273885,80.1,0.3036093411812965,523.0,0.5095541401273885,0.11040339679319873,0.27342256161869494,48.38701873061495
471.0,52.0,0.0,0.0,0.0,759.0,926.0,143.0,8.75,30.0,0.62,0.7643312101910829,81.2,0.3036093411812965,523.0,0.7643312101910829,0.11040339679319873,0.27342256161869494,48.38701873061495
471.0,52.0,0.0,0.0,0.0,750.0,914.0,143.0,8.75,30.0,0.62,1.019108280254777,82.6,0.3036093411812965,523.0,1.019108280254777,0.11040339679319873,0.27342256161869494,48.38701873061495
471.0,52.0,0.0,0.0,0.0,781.0,954.0,143.0,8.75,60.0,0.75,0.1273885350318471,77.3,0.3036093411812965,523.0,0.1273885350318471,0.11040339679319873,0.27342256161869494,79.99989333347555
471.0,52.0,0.0,0.0,0.0,776.0,950.0,143.0,8.75,60.0,0.75,0.2547770700636942,79.0,0.3036093411812965,523.0,0.2547770700636942,0.11040339679319873,0.27342256161869494,79.99989333347555
471.0,52.0,0.0,0.0,0.0,772.0,944.0,143.0,8.75,60.0,0.75,0.3821656050955414,81.0,0.3036093411812965,523.0,0.3821656050955414,0.11040339679319873,0.27342256161869494,79.99989333347555
471.0,52.0,0.0,0.0,0.0,768.0,938.0,143.0,8.75,60.0,0.75,0.5095541401273885,81.6,0.3036093411812965,523.0,0.5095541401273885,0.11040339679319873,0.27342256161869494,79.99989333347555
471.0,52.0,0.0,0.0,0.0,759.0,926.0,143.0,8.75,60.0,0.75,0.7643312101910829,82.8,0.3036093411812965,523.0,0.7643312101910829,0.11040339679319873,0.27342256161869494,79.99989333347555
471.0,52.0,0.0,0.0,0.0,750.0,914.0,143.0,8.75,60.0,0.75,1.019108280254777,83.5,0.3036093411812965,523.0,1.019108280254777,0.11040339679319873,0.27342256161869494,79.99989333347555
347.5,0.0,0.0,0.0,0.0,664.5,1181.3,172.0,2.7,0.0,0.0,0.0,53.0,0.4949640273526215,347.5,0.0,0.0,0.4949640273526215,0.0
347.5,0.0,0.0,0.0,0.0,674.3,1159.5,172.0,2.7,60.0,0.8999999999999999,0.4968152866242038,56.7,0.4949640273526215,347.5,0.4968152866242038,0.0,0.4949640273526215,66.6665925926749
347.5,0.0,0.0,0.0,0.0,679.2,1148.6,172.0,2.7,60.0,0.8999999999999999,0.7503184713375797,60.4,0.4949640273526215,347.5,0.7503184713375797,0.0,0.4949640273526215,66.6665925926749
347.5,0.0,0.0,0.0,0.0,684.9,1137.8,172.0,2.7,60.0,0.8999999999999999,1.0,62.6,0.4949640273526215,347.5,1.0,0.0,0.4949640273526215,66.6665925926749
347.5,0.0,0.0,0.0,0.0,693.7,1115.1,172.0,2.7,60.0,0.8999999999999999,1.4904458598726114,64.1,0.4949640273526215,347.5,1.4904458598726114,0.0,0.4949640273526215,66.6665925926749
451.8,0.0,0.0,0.0,0.0,660.8,1078.2,164.0,4.9,0.0,0.0,0.0,61.8,0.36299247374282323,451.8,0.0,0.0,0.36299247374282323,0.0
451.8,0.0,0.0,0.0,0.0,671.2,1055.8,164.0,4.9,60.0,0.8999999999999999,0.4968152866242038,65.5,0.36299247374282323,451.8,0.4968152866242038,0.0,0.36299247374282323,66.6665925926749
451.8,0.0,0.0,0.0,0.0,681.5,1033.5,164.0,4.9,60.0,0.8999999999999999,0.7503184713375797,74.9,0.36299247374282323,451.8,0.7503184713375797,0.0,0.36299247374282323,66.6665925926749
451.8,0.0,0.0,0.0,0.0,691.9,1011.1,164.0,4.9,60.0,0.8999999999999999,1.0,77.0,0.36299247374282323,451.8,1.0,0.0,0.36299247374282323,66.6665925926749
451.8,0.0,0.0,0.0,0.0,702.2,988.8,164.0,4.9,60.0,0.8999999999999999,1.4904458598726114,78.2,0.36299247374282323,451.8,1.4904458598726114,0.0,0.36299247374282323,66.6665925926749
418.0,0.0,0.0,0.0,0.0,871.0,758.0,222.0,0.0,60.0,0.8999999999999999,0.2547770700636942,38.6,0.5311004771983242,418.0,0.2547770700636942,0.0,0.5311004771983242,66.6665925926749
418.0,0.0,0.0,0.0,0.0,871.0,758.0,222.0,0.0,60.0,0.8999999999999999,0.5095541401273885,37.3,0.5311004771983242,418.0,0.5095541401273885,0.0,0.5311004771983242,66.6665925926749
418.0,0.0,0.0,0.0,0.0,871.0,758.0,222.0,0.0,60.0,0.8999999999999999,0.7643312101910829,36.0,0.5311004771983242,418.0,0.7643312101910829,0.0,0.5311004771983242,66.6665925926749
418.0,0.0,0.0,0.0,0.0,871.0,758.0,222.0,0.0,60.0,0.8999999999999999,1.019108280254777,41.1,0.5311004771983242,418.0,1.019108280254777,0.0,0.5311004771983242,66.6665925926749
299.0,0.0,0.0,0.0,0.0,971.0,758.0,222.0,0.0,60.0,0.8999999999999999,0.5095541401273885,28.1,0.7424749139047662,299.0,0.5095541401273885,0.0,0.7424749139047662,66.6665925926749
584.0,0.0,0.0,0.0,0.0,730.0,758.0,223.0,7.33,60.0,0.8999999999999999,0.2547770700636942,46.1,0.3818493144146416,584.0,0.2547770700636942,0.0,0.3818493144146416,66.6665925926749
584.0,0.0,0.0,0.0,0.0,730.0,758.0,223.0,7.33,60.0,0.8999999999999999,0.5095541401273885,46.7,0.3818493144146416,584.0,0.5095541401273885,0.0,0.3818493144146416,66.6665925926749
584.0,0.0,0.0,0.0,0.0,730.0,758.0,223.0,7.33,60.0,0.8999999999999999,0.7643312101910829,48.0,0.3818493144146416,584.0,0.7643312101910829,0.0,0.3818493144146416,66.6665925926749
584.0,0.0,0.0,0.0,0.0,730.0,758.0,223.0,7.33,60.0,0.8999999999999999,1.019108280254777,48.5,0.3818493144146416,584.0,1.019108280254777,0.0,0.3818493144146416,66.6665925926749
584.0,0.0,0.0,0.0,0.0,730.0,758.0,223.0,7.33,60.0,0.75,0.5095541401273885,47.6,0.3818493144146416,584.0,0.5095541401273885,0.0,0.3818493144146416,79.99989333347555
584.0,0.0,0.0,0.0,0.0,730.0,758.0,223.0,7.33,60.0,0.942857142857143,0.5095541401273885,45.4,0.3818493144146416,584.0,0.5095541401273885,0.0,0.3818493144146416,63.63629614332226
400.0,0.0,0.0,0.0,0.0,835.0,1047.0,152.0,4.0,40.0,0.615,0.5,33.4,0.37999999905,400.0,0.5,0.0,0.37999999905,65.0405446495209
400.0,0.0,0.0,0.0,0.0,835.0,1047.0,152.0,4.0,40.0,0.615,1.0,37.3,0.37999999905,400.0,1.0,0.0,0.37999999905,65.0405446495209
400.0,0.0,0.0,0.0,0.0,835.0,1047.0,152.0,4.0,60.0,0.75,0.5,34.1,0.37999999905,400.0,0.5,0.0,0.37999999905,79.99989333347555
400.0,0.0,0.0,0.0,0.0,835.0,1047.0,152.0,4.0,60.0,0.75,1.0,38.5,0.37999999905,400.0,1.0,0.0,0.37999999905,79.99989333347555
438.0,0.0,0.0,0.0,0.0,1037.0,656.0,158.5,10.95,0.0,0.0,0.0,49.1,0.36187214529252937,438.0,0.0,0.0,0.36187214529252937,0.0
438.0,0.0,0.0,0.0,0.0,1029.0,651.0,158.7,10.95,30.0,0.65,0.5,50.8,0.36232876629605304,438.0,0.5,0.0,0.36232876629605304,46.15377514803823
438.0,0.0,0.0,0.0,0.0,1021.0,646.0,159.0,10.95,30.0,0.65,1.0,53.7,0.3630136978013386,438.0,1.0,0.0,0.3630136978013386,46.15377514803823
438.0,0.0,0.0,0.0,0.0,1015.0,641.0,159.0,10.95,30.0,0.65,1.5,57.7,0.3630136978013386,438.0,1.5,0.0,0.3630136978013386,46.15377514803823
438.0,0.0,0.0,0.0,0.0,1029.0,651.0,158.7,10.95,60.0,0.8999999999999999,0.5,53.5,0.36232876629605304,438.0,0.5,0.0,0.36232876629605304,66.6665925926749
438.0,0.0,0.0,0.0,0.0,1021.0,646.0,159.0,10.95,60.0,0.8999999999999999,1.0,58.3,0.3630136978013386,438.0,1.0,0.0,0.3630136978013386,66.6665925926749
438.0,0.0,0.0,0.0,0.0,1015.0,641.0,159.0,10.95,60.0,0.8999999999999999,1.5,56.4,0.3630136978013386,438.0,1.5,0.0,0.3630136978013386,66.6665925926749
438.0,0.0,0.0,0.0,0.0,1029.0,651.0,158.7,10.95,60.0,0.75,0.5,56.0,0.36232876629605304,438.0,0.5,0.0,0.36232876629605304,79.99989333347555
438.0,0.0,0.0,0.0,0.0,1021.0,646.0,159.0,10.95,60.0,0.75,1.0,58.3,0.3630136978013386,438.0,1.0,0.0,0.3630136978013386,79.99989333347555
438.0,0.0,0.0,0.0,0.0,1015.0,641.0,159.0,10.95,60.0,0.75,1.5,52.1,0.3630136978013386,438.0,1.5,0.0,0.3630136978013386,79.99989333347555
468.0,52.0,0.0,0.0,0.0,851.0,877.0,156.0,4.68,0.0,0.0,0.0,88.8,0.3333333326210826,520.0,0.0,0.11111111087369421,0.2999999994230769,0.0
468.0,52.0,0.0,0.0,0.0,847.0,873.0,156.0,5.148,60.0,0.75,0.25,92.3,0.3333333326210826,520.0,0.25,0.11111111087369421,0.2999999994230769,79.99989333347555
468.0,52.0,0.0,0.0,0.0,844.0,870.0,156.0,5.148,60.0,0.75,0.5,93.8,0.3333333326210826,520.0,0.5,0.11111111087369421,0.2999999994230769,79.99989333347555
468.0,52.0,0.0,0.0,0.0,841.0,867.0,156.0,5.6160000000000005,60.0,0.75,0.75,95.0,0.3333333326210826,520.0,0.75,0.11111111087369421,0.2999999994230769,79.99989333347555
468.0,52.0,0.0,0.0,0.0,838.0,863.0,156.0,5.6160000000000005,60.0,0.75,1.0,98.7,0.3333333326210826,520.0,1.0,0.11111111087369421,0.2999999994230769,79.99989333347555
308.0,0.0,0.0,0.0,0.0,673.44,1179.3200000000002,185.0,2.06,0.0,0.0,0.0,30.26,0.6006493486991904,308.0,0.0,0.0,0.6006493486991904,0.0
308.0,0.0,0.0,0.0,0.0,673.44,1179.3200000000002,185.0,2.06,60.0,0.8999999999999999,0.3566878980891719,33.09,0.6006493486991904,308.0,0.3566878980891719,0.0,0.6006493486991904,66.6665925926749
308.0,0.0,0.0,0.0,0.0,673.44,1179.3200000000002,185.0,2.06,40.0,1.0,0.3566878980891719,32.98,0.6006493486991904,308.0,0.3566878980891719,0.0,0.6006493486991904,39.999960000040005
308.0,0.0,0.0,0.0,0.0,673.44,1179.3200000000002,185.0,2.06,29.0,1.0,0.3566878980891719,27.36,0.6006493486991904,308.0,0.3566878980891719,0.0,0.6006493486991904,28.999971000029003
308.0,0.0,0.0,0.0,0.0,673.44,1179.3200000000002,185.0,2.06,25.0,0.5,0.3439490445859873,32.44,0.6006493486991904,308.0,0.3439490445859873,0.0,0.6006493486991904,49.9999000002
338.46153846153845,0.0,0.0,0.0,0.0,1049.2307692307693,759.9999999999999,230.76923076923077,0.8376923076923075,0.0,0.0,0.0,35.1,0.6818181798037191,338.46153846153845,0.0,0.0,0.6818181798037191,0.0
338.46153846153845,0.0,0.0,0.0,0.0,1049.2307692307693,759.9999999999999,230.76923076923077,0.8376923076923075,60.0,0.75,0.5,31.9,0.6818181798037191,338.46153846153845,0.5,0.0,0.6818181798037191,79.99989333347555
338.46153846153845,0.0,0.0,0.0,0.0,1049.2307692307693,759.9999999999999,230.76923076923077,0.8376923076923075,60.0,0.75,0.75,32.8,0.6818181798037191,338.46153846153845,0.75,0.0,0.6818181798037191,79.99989333347555
338.46153846153845,0.0,0.0,0.0,0.0,1049.2307692307693,759.9999999999999,230.76923076923077,0.8376923076923075,60.0,0.75,1.0,34.2,0.6818181798037191,338.46153846153845,1.0,0.0,0.6818181798037191,79.99989333347555
338.46153846153845,0.0,0.0,0.0,0.0,1049.2307692307693,759.9999999999999,230.76923076923077,0.8376923076923075,60.0,0.75,1.25,34.6,0.6818181798037191,338.46153846153845,1.25,0.0,0.6818181798037191,79.99989333347555
557.0,0.0,0.0,0.0,0.0,557.0,1114.0,206.09,11.14,0.0,0.0,0.0,48.61,0.36999999933572714,557.0,0.0,0.0,0.36999999933572714,0.0
557.0,0.0,0.0,0.0,0.0,557.0,1114.0,206.09,11.14,60.0,0.8,0.5,55.82,0.36999999933572714,557.0,0.5,0.0,0.36999999933572714,74.99990625011718
557.0,0.0,0.0,0.0,0.0,557.0,1114.0,206.09,11.14,60.0,0.8,1.0,65.16,0.36999999933572714,557.0,1.0,0.0,0.36999999933572714,74.99990625011718
598.9,0.0,0.0,0.0,0.0,718.68,1078.02,143.736,35.934,0.0,0.0,0.0,78.8,0.23999999959926532,598.9,0.0,0.0,0.23999999959926532,0.0
598.9,0.0,0.0,0.0,0.0,718.68,1078.02,143.736,35.934,60.0,0.8,0.5,81.99,0.23999999959926532,598.9,0.5,0.0,0.23999999959926532,74.99990625011718
598.9,0.0,0.0,0.0,0.0,718.68,1078.02,143.736,35.934,60.0,0.8,1.0,87.37,0.23999999959926532,598.9,1.0,0.0,0.23999999959926532,74.99990625011718
483.36000000000007,120.84000000000002,0.0,0.0,0.0,604.2,1208.4,138.966,36.252,0.0,0.0,0.0,102.4,0.2874999994052052,604.2,0.0,0.24999999948278717,0.22999999961933135,0.0
483.36000000000007,120.84000000000002,0.0,0.0,0.0,604.2,1208.4,138.966,36.252,60.0,0.8,0.5,106.93,0.2874999994052052,604.2,0.5,0.24999999948278717,0.22999999961933135,74.99990625011718
483.36000000000007,120.84000000000002,0.0,0.0,0.0,604.2,1208.4,138.966,36.252,60.0,0.8,1.0,111.44,0.2874999994052052,604.2,1.0,0.24999999948278717,0.22999999961933135,74.99990625011718
465.0,35.0,0.0,0.0,0.0,1170.0,680.0,199.95,6.6,0.0,0.0,0.0,63.3,0.4299999990752688,500.0,0.0,0.07526881704243266,0.3998999992002,0.0
465.0,35.0,0.0,0.0,0.0,1170.0,680.0,199.95,6.7,30.0,0.55,0.4993630573248407,61.7,0.4299999990752688,500.0,0.4993630573248407,0.07526881704243266,0.3998999992002,54.54535537208113
465.0,35.0,0.0,0.0,0.0,1170.0,680.0,199.95,6.7,30.0,0.55,1.0,73.3,0.4299999990752688,500.0,1.0,0.07526881704243266,0.3998999992002,54.54535537208113
465.0,35.0,0.0,0.0,0.0,1170.0,680.0,199.95,6.8,30.0,0.55,1.4993630573248409,73.4,0.4299999990752688,500.0,1.4993630573248409,0.07526881704243266,0.3998999992002,54.54535537208113
423.0,0.0,0.0,0.0,0.0,848.0,1128.0,148.0,2.11,0.0,0.0,0.0,48.12,0.3498817958631636,423.0,0.0,0.0,0.3498817958631636,0.0
423.0,0.0,0.0,0.0,0.0,848.0,1128.0,148.0,2.11,60.0,0.8,0.6,47.34,0.3498817958631636,423.0,0.6,0.0,0.3498817958631636,74.99990625011718
423.0,0.0,0.0,0.0,0.0,848.0,1128.0,148.0,2.11,60.0,0.8,0.9000000000000001,49.78,0.3498817958631636,423.0,0.9000000000000001,0.0,0.3498817958631636,74.99990625011718
423.0,0.0,0.0,0.0,0.0,848.0,1128.0,148.0,2.11,60.0,0.8,1.2,53.61,0.3498817958631636,423.0,1.2,0.0,0.3498817958631636,74.99990625011718
423.0,0.0,0.0,0.0,0.0,848.0,1128.0,148.0,2.11,60.0,0.8,1.5,56.72,0.3498817958631636,423.0,1.5,0.0,0.3498817958631636,74.99990625011718
550.0,0.0,0.0,0.0,0.0,506.0,1122.0,220.0,1.485,0.0,0.0,0.0,49.2,0.3999999992727273,550.0,0.0,0.0,0.3999999992727273,0.0
550.0,0.0,0.0,0.0,0.0,506.0,1122.0,220.0,1.485,33.0,0.825,0.4,48.7,0.3999999992727273,550.0,0.4,0.0,0.3999999992727273,39.999951515210284
550.0,0.0,0.0,0.0,0.0,506.0,1122.0,220.0,1.485,33.0,0.825,0.6,52.2,0.3999999992727273,550.0,0.6,0.0,0.3999999992727273,39.999951515210284
550.0,0.0,0.0,0.0,0.0,506.0,1122.0,220.0,1.485,33.0,0.825,0.8,51.7,0.3999999992727273,550.0,0.8,0.0,0.3999999992727273,39.999951515210284
550.0,0.0,0.0,0.0,0.0,506.0,1122.0,220.0,1.485,33.0,0.825,1.0,52.9,0.3999999992727273,550.0,1.0,0.0,0.3999999992727273,39.999951515210284
550.0,0.0,0.0,0.0,0.0,506.0,1122.0,220.0,1.485,33.0,0.825,1.2,54.8,0.3999999992727273,550.0,1.2,0.0,0.3999999992727273,39.999951515210284
550.0,0.0,0.0,0.0,0.0,506.0,1122.0,220.0,1.485,33.0,0.825,1.5,56.8,0.3999999992727273,550.0,1.5,0.0,0.3999999992727273,39.999951515210284
550.0,0.0,0.0,0.0,0.0,506.0,1122.0,220.0,1.485,33.0,0.825,1.7999999999999998,61.0,0.3999999992727273,550.0,1.7999999999999998,0.0,0.3999999992727273,39.999951515210284
397.0,0.0,0.0,0.0,0.0,562.0,1152.0,194.53,0.0,0.0,0.0,0.0,29.42,0.48999999876574307,397.0,0.0,0.0,0.48999999876574307,0.0
397.0,0.0,0.0,0.0,0.0,562.0,1152.0,194.53,0.0,27.5,0.5,0.4968152866242038,36.03,0.48999999876574307,397.0,0.4968152866242038,0.0,0.48999999876574307,54.99989000022
397.0,0.0,0.0,0.0,0.0,562.0,1152.0,194.53,0.0,27.5,0.5,0.7388535031847133,33.48,0.48999999876574307,397.0,0.7388535031847133,0.0,0.48999999876574307,54.99989000022
397.0,0.0,0.0,0.0,0.0,562.0,1152.0,194.53,0.0,27.5,0.5,0.9936305732484076,38.48,0.48999999876574307,397.0,0.9936305732484076,0.0,0.48999999876574307,54.99989000022
397.0,0.0,0.0,0.0,0.0,562.0,1152.0,194.53,0.0,41.0,0.5,0.4968152866242038,32.83,0.48999999876574307,397.0,0.4968152866242038,0.0,0.48999999876574307,81.99983600032799
397.0,0.0,0.0,0.0,0.0,562.0,1152.0,194.53,0.0,41.0,0.5,0.7388535031847133,36.31,0.48999999876574307,397.0,0.7388535031847133,0.0,0.48999999876574307,81.99983600032799
397.0,0.0,0.0,0.0,0.0,562.0,1152.0,194.53,0.0,41.0,0.5,0.9936305732484076,34.7,0.48999999876574307,397.0,0.9936305732484076,0.0,0.48999999876574307,81.99983600032799
517.0,0.0,0.0,0.0,0.0,493.0,1122.0,196.46,3.8775,0.0,0.0,0.0,43.01,0.37999999926499034,517.0,0.0,0.0,0.37999999926499034,0.0
517.0,0.0,0.0,0.0,0.0,493.0,1122.0,196.46,3.8775,27.5,0.5,0.4968152866242038,45.85,0.37999999926499034,517.0,0.4968152866242038,0.0,0.37999999926499034,54.99989000022
517.0,0.0,0.0,0.0,0.0,493.0,1122.0,196.46,3.8775,27.5,0.5,0.7388535031847133,41.59,0.37999999926499034,517.0,0.7388535031847133,0.0,0.37999999926499034,54.99989000022
517.0,0.0,0.0,0.0,0.0,493.0,1122.0,196.46,3.8775,27.5,0.5,0.9936305732484076,46.97,0.37999999926499034,517.0,0.9936305732484076,0.0,0.37999999926499034,54.99989000022
517.0,0.0,0.0,0.0,0.0,493.0,1122.0,196.46,3.8775,41.0,0.5,0.4968152866242038,45.67,0.37999999926499034,517.0,0.4968152866242038,0.0,0.37999999926499034,81.99983600032799
517.0,0.0,0.0,0.0,0.0,493.0,1122.0,196.46,3.8775,41.0,0.5,0.7388535031847133,46.12,0.37999999926499034,517.0,0.7388535031847133,0.0,0.37999999926499034,81.99983600032799
517.0,0.0,0.0,0.0,0.0,493.0,1122.0,196.46,3.8775,41.0,0.5,0.9936305732484076,49.23,0.37999999926499034,517.0,0.9936305732484076,0.0,0.37999999926499034,81.99983600032799
